bf_00008545,9
bf_00003963,9
bf_00001202,9
bf_00002491,9
bf_00022598,9
bf_00008485,9
bf_00003014,9
bf_00024949,9
bf_00002380,9
bf_00020138,9
bf_00006664,9
bf_00009677,9
bf_00012807,9
bf_00011939,9
bf_00026282,9
bf_00023978,9
bf_00004171,9
bf_00000657,9
bf_00011408,9
bf_00013670,9
bf_00016572,9
bf_00016924,9
bf_00016526,9
bf_00013537,9
bf_00006134,9
bf_00016621,9
bf_00018798,9
bf_00000272,9
bf_00002533,9
bf_00002932,9
bf_00008502,9
bf_00014825,9
bf_00023235,9
bf_00016637,9
bf_00023997,9
bf_00012953,9
bf_00021952,9
bf_00007776,9
bf_00000835,9
bf_00022466,9
bf_00023950,9
bf_00001418,9
bf_00018102,9
bf_00022955,9
bf_00023860,9
bf_00019614,9
bf_00014179,9
bf_00001434,9
bf_00014394,9
bf_00017361,9
bf_00012822,9
bf_00024482,9
bf_00006924,9
bf_00024658,9
bf_00025013,9
bf_00015107,9
bf_00025192,9
bf_00025426,9
bf_00007754,9
bf_00007845,9
bf_00000536,9
bf_00009289,9
bf_00010279,9
bf_00006722,9
bf_00026019,9
bf_00006234,9
bf_00015528,9
bf_00000481,9
bf_00008299,9
bf_00016334,9
bf_00013756,9
bf_00015520,9
bf_00020446,9
bf_00005799,9
bf_00024650,9
bf_00001381,9
bf_00023258,9
bf_00016363,9
bf_00005186,9
bf_00014529,9
bf_00018193,9
bf_00000928,9
bf_00026113,9
bf_00000408,9
bf_00000600,9
bf_00007977,9
bf_00007265,9
bf_00000564,9
bf_00017412,9
bf_00020591,9
bf_00014747,9
bf_00005459,9
bf_00021747,9
bf_00001187,9
bf_00019496,9
bf_00000222,9
bf_00003147,9
bf_00002054,9
bf_00006560,9
bf_00003221,9
bf_00006357,9
bf_00003564,9
bf_00007492,9
bf_00014127,9
bf_00014058,9
bf_00017289,9
bf_00015979,9
bf_00010153,9
bf_00008721,9
bf_00008867,9
bf_00010233,9
bf_00020870,9
bf_00002603,9
bf_00009918,9
bf_00010519,9
bf_00024013,9
bf_00025781,9
bf_00016658,9
bf_00009819,9
bf_00001791,9
bf_00016881,9
bf_00007269,9
bf_00023069,9
bf_00011502,9
bf_00017418,9
bf_00014616,9
bf_00009832,9
bf_00017184,9
bf_00015076,9
bf_00018814,9
bf_00010587,9
bf_00016127,9
bf_00017887,9
bf_00017451,9
bf_00000549,9
bf_00006904,9
bf_00014819,9
bf_00002289,9
bf_00009000,9
bf_00023809,9
bf_00022763,9
bf_00011355,9
bf_00001422,9
bf_00007101,9
bf_00022086,9
bf_00004942,9
bf_00007362,9
bf_00005181,9
bf_00000830,9
bf_00003144,9
bf_00014121,9
bf_00024348,9
bf_00011839,9
bf_00015832,9
bf_00020882,9
bf_00012665,9
bf_00010184,9
bf_00000312,9
bf_00000119,9
bf_00004621,9
bf_00021983,9
bf_00002547,9
bf_00006408,9
bf_00005971,9
bf_00015056,9
bf_00012714,9
bf_00004118,9
bf_00008651,9
bf_00000968,9
bf_00017375,9
bf_00010487,9
bf_00021128,9
bf_00025354,9
bf_00012616,9
bf_00000196,9
bf_00024481,9
bf_00007055,9
bf_00006790,9
bf_00026304,9
bf_00014901,9
bf_00015984,9
bf_00006049,9
bf_00014445,9
bf_00008051,9
bf_00014703,9
bf_00000722,9
bf_00002860,9
bf_00016846,9
bf_00018105,9
bf_00023351,9
bf_00000217,9
bf_00012666,9
bf_00001541,9
bf_00025407,9
bf_00003090,9
bf_00024821,9
bf_00022843,9
bf_00015524,9
bf_00015178,9
bf_00019201,9
bf_00008000,9
bf_00023726,9
bf_00013191,9
bf_00012656,9
bf_00020546,9
bf_00004560,9
bf_00002476,9
bf_00018684,9
bf_00002714,8
bf_00020681,8
bf_00025053,8
bf_00024126,8
bf_00013886,8
bf_00018041,8
bf_00013189,8
bf_00015723,8
bf_00001980,8
bf_00006983,8
bf_00003195,8
bf_00021367,8
bf_00009721,8
bf_00005543,8
bf_00008208,8
bf_00024052,8
bf_00016691,8
bf_00000221,8
bf_00015536,8
bf_00000777,8
bf_00000304,8
bf_00023898,8
bf_00026352,8
bf_00010057,8
bf_00020682,8
bf_00021120,8
bf_00021882,8
bf_00010200,8
bf_00017835,8
bf_00001232,8
bf_00023067,8
bf_00002576,8
bf_00022323,8
bf_00007373,8
bf_00000907,8
bf_00001213,8
bf_00000639,8
bf_00000985,8
bf_00024011,8
bf_00014855,8
bf_00026316,8
bf_00021379,8
bf_00026404,8
bf_00014386,8
bf_00025961,8
bf_00015204,8
bf_00004719,8
bf_00021573,8
bf_00015685,8
bf_00010090,8
bf_00017362,8
bf_00024997,8
bf_00001143,8
bf_00005238,8
bf_00023451,8
bf_00009782,8
bf_00007473,8
bf_00022172,8
bf_00001212,8
bf_00003628,8
bf_00002805,8
bf_00011708,8
bf_00004246,8
bf_00023172,8
bf_00008624,8
bf_00008269,8
bf_00016321,8
bf_00007971,8
bf_00002104,8
bf_00026400,8
bf_00025005,8
bf_00014085,8
bf_00005324,8
bf_00001257,8
bf_00001633,8
bf_00014679,8
bf_00022063,8
bf_00010389,8
bf_00019462,8
bf_00006701,8
bf_00008307,8
bf_00010862,8
bf_00018346,8
bf_00007155,8
bf_00009333,8
bf_00020542,8
bf_00015811,8
bf_00018081,8
bf_00012465,8
bf_00018920,8
bf_00009453,8
bf_00012703,8
bf_00007120,8
bf_00000281,8
bf_00001682,8
bf_00026439,8
bf_00025166,8
bf_00026253,8
bf_00001763,8
bf_00011788,8
bf_00014681,8
bf_00005006,8
bf_00024946,8
bf_00001005,8
bf_00005175,8
bf_00016306,8
bf_00006661,8
bf_00000879,8
bf_00016351,8
bf_00008292,8
bf_00010841,8
bf_00013888,8
bf_00008136,8
bf_00009078,8
bf_00019814,8
bf_00006550,8
bf_00016793,8
bf_00016478,8
bf_00016999,8
bf_00008191,8
bf_00010846,8
bf_00000861,8
bf_00005028,8
bf_00019077,8
bf_00013178,8
bf_00004191,8
bf_00007539,8
bf_00016534,8
bf_00003601,8
bf_00007186,8
bf_00013948,8
bf_00017491,8
bf_00007170,8
bf_00002364,8
bf_00018428,8
bf_00010038,8
bf_00008846,8
bf_00005732,8
bf_00015583,8
bf_00021889,8
bf_00004388,8
bf_00002349,8
bf_00016933,8
bf_00004352,8
bf_00003323,8
bf_00010468,8
bf_00012246,8
bf_00017443,8
bf_00010072,8
bf_00011703,8
bf_00010053,8
bf_00001762,8
bf_00018913,8
bf_00026363,8
bf_00000873,8
bf_00019146,8
bf_00003653,8
bf_00026202,8
bf_00012821,8
bf_00006244,8
bf_00006556,8
bf_00014101,8
bf_00020029,8
bf_00003036,8
bf_00019787,8
bf_00017560,8
bf_00023746,8
bf_00013446,8
bf_00011397,8
bf_00016121,8
bf_00012371,8
bf_00003045,8
bf_00012468,8
bf_00013134,8
bf_00009312,8
bf_00005952,8
bf_00001079,8
bf_00004855,8
bf_00006571,8
bf_00023152,8
bf_00007777,8
bf_00009632,8
bf_00012870,8
bf_00013452,8
bf_00002871,8
bf_00003943,8
bf_00007211,8
bf_00013877,8
bf_00010224,8
bf_00025967,8
bf_00009924,8
bf_00013654,8
bf_00009529,8
bf_00014661,8
bf_00020665,8
bf_00019176,8
bf_00007446,8
bf_00013144,8
bf_00004374,8
bf_00025399,8
bf_00019818,8
bf_00018179,8
bf_00020275,8
bf_00024251,8
bf_00022030,8
bf_00010079,8
bf_00026190,8
bf_00000633,8
bf_00020288,8
bf_00017554,8
bf_00019393,8
bf_00013906,8
bf_00006703,8
bf_00016538,8
bf_00024051,8
bf_00002561,8
bf_00005585,8
bf_00011920,8
bf_00023804,8
bf_00002724,8
bf_00008027,8
bf_00025468,8
bf_00026558,8
bf_00000317,8
bf_00005337,8
bf_00014304,8
bf_00017787,8
bf_00012893,8
bf_00019635,8
bf_00002428,8
bf_00000352,8
bf_00011378,8
bf_00022810,8
bf_00019748,8
bf_00020844,8
bf_00026158,8
bf_00016728,8
bf_00025952,8
bf_00012702,8
bf_00016522,8
bf_00000611,8
bf_00006568,8
bf_00015098,8
bf_00019443,8
bf_00006935,8
bf_00017400,8
bf_00001853,8
bf_00002549,8
bf_00001114,8
bf_00026168,8
bf_00003409,8
bf_00012481,8
bf_00004413,8
bf_00025191,8
bf_00009602,8
bf_00010586,8
bf_00001996,8
bf_00010549,8
bf_00019690,8
bf_00009986,8
bf_00006349,8
bf_00016790,8
bf_00018635,8
bf_00005870,8
bf_00021400,8
bf_00002389,8
bf_00001750,8
bf_00003971,8
bf_00023040,8
bf_00025330,8
bf_00009642,8
bf_00005311,8
bf_00001659,8
bf_00019389,8
bf_00000813,8
bf_00018180,8
bf_00014667,8
bf_00018530,8
bf_00018321,8
bf_00015307,8
bf_00021521,8
bf_00015173,8
bf_00022663,8
bf_00019279,8
bf_00013655,8
bf_00012795,8
bf_00008083,8
bf_00009286,8
bf_00006728,8
bf_00006043,8
bf_00001869,8
bf_00026574,8
bf_00008393,8
bf_00022892,8
bf_00009182,8
bf_00015659,8
bf_00003006,8
bf_00018797,8
bf_00015164,8
bf_00005738,8
bf_00003912,8
bf_00010850,8
bf_00009683,8
bf_00015349,8
bf_00016125,8
bf_00016804,8
bf_00023973,8
bf_00007234,8
bf_00026247,8
bf_00001427,8
bf_00021981,8
bf_00018029,8
bf_00019791,8
bf_00017645,8
bf_00023817,8
bf_00015781,8
bf_00025434,8
bf_00002610,8
bf_00018057,8
bf_00016019,8
bf_00006031,8
bf_00000480,8
bf_00010272,8
bf_00021857,8
bf_00006412,8
bf_00002828,8
bf_00019898,8
bf_00019584,8
bf_00007216,8
bf_00025238,8
bf_00004849,8
bf_00019850,8
bf_00021614,8
bf_00004892,8
bf_00012926,8
bf_00003527,8
bf_00008732,8
bf_00003278,8
bf_00011232,8
bf_00020620,8
bf_00007185,8
bf_00013129,8
bf_00014753,8
bf_00004949,8
bf_00001576,8
bf_00006763,8
bf_00009601,8
bf_00016665,8
bf_00014492,8
bf_00012311,8
bf_00000595,8
bf_00009590,8
bf_00019109,8
bf_00018548,8
bf_00015014,8
bf_00000920,8
bf_00006040,8
bf_00004802,8
bf_00013965,8
bf_00000082,8
bf_00021129,8
bf_00003946,8
bf_00000531,8
bf_00025955,8
bf_00022831,8
bf_00023037,8
bf_00008060,8
bf_00007014,8
bf_00025828,8
bf_00025975,8
bf_00004997,8
bf_00013740,8
bf_00025663,8
bf_00019532,8
bf_00001107,8
bf_00013295,8
bf_00012489,8
bf_00002607,8
bf_00004218,8
bf_00000708,8
bf_00008768,8
bf_00012791,8
bf_00012927,8
bf_00016792,8
bf_00006164,8
bf_00007204,8
bf_00007117,8
bf_00020814,8
bf_00019037,8
bf_00003794,8
bf_00017941,8
bf_00007143,8
bf_00002851,8
bf_00019449,8
bf_00017347,8
bf_00019856,8
bf_00022120,8
bf_00013770,8
bf_00006251,8
bf_00023066,8
bf_00012971,8
bf_00016384,8
bf_00014656,8
bf_00012867,8
bf_00008199,8
bf_00007493,8
bf_00009407,8
bf_00002896,8
bf_00016364,8
bf_00019441,8
bf_00021743,8
bf_00001056,8
bf_00006826,8
bf_00005225,8
bf_00025978,8
bf_00004874,8
bf_00005097,8
bf_00005201,8
bf_00025038,8
bf_00006672,8
bf_00008233,8
bf_00011818,8
bf_00007067,8
bf_00003507,8
bf_00003492,8
bf_00011295,8
bf_00005532,8
bf_00018921,8
bf_00004760,8
bf_00019527,8
bf_00020951,8
bf_00008684,8
bf_00011240,8
bf_00016593,8
bf_00006431,8
bf_00011402,8
bf_00018871,8
bf_00006669,8
bf_00019467,8
bf_00014329,8
bf_00014720,8
bf_00003386,8
bf_00020245,8
bf_00010384,8
bf_00006086,8
bf_00026013,8
bf_00012210,8
bf_00024084,8
bf_00010416,8
bf_00008170,8
bf_00024990,8
bf_00006070,8
bf_00026016,8
bf_00017824,8
bf_00023583,8
bf_00002567,8
bf_00008677,8
bf_00000275,8
bf_00026166,8
bf_00022097,8
bf_00022880,8
bf_00001058,8
bf_00002403,8
bf_00013983,8
bf_00013115,8
bf_00019893,8
bf_00004679,8
bf_00010457,8
bf_00008131,8
bf_00015876,8
bf_00016692,8
bf_00007144,8
bf_00019820,8
bf_00016345,8
bf_00002119,8
bf_00005979,8
bf_00009473,8
bf_00000993,8
bf_00002519,8
bf_00024757,8
bf_00023957,8
bf_00012786,8
bf_00005601,8
bf_00005541,8
bf_00017783,8
bf_00002972,8
bf_00026366,8
bf_00022916,8
bf_00002196,8
bf_00011721,8
bf_00009187,8
bf_00005872,8
bf_00026024,8
bf_00010023,8
bf_00014370,8
bf_00002507,8
bf_00017115,8
bf_00020248,8
bf_00006582,8
bf_00012845,8
bf_00008552,8
bf_00022057,7
bf_00008569,7
bf_00012984,7
bf_00026584,7
bf_00002624,7
bf_00021429,7
bf_00019946,7
bf_00025348,7
bf_00006071,7
bf_00001873,7
bf_00006079,7
bf_00013869,7
bf_00020217,7
bf_00014461,7
bf_00000655,7
bf_00005117,7
bf_00000629,7
bf_00008054,7
bf_00025389,7
bf_00016147,7
bf_00000706,7
bf_00006736,7
bf_00015862,7
bf_00019759,7
bf_00024540,7
bf_00013080,7
bf_00011431,7
bf_00019520,7
bf_00016613,7
bf_00025830,7
bf_00012783,7
bf_00016686,7
bf_00000301,7
bf_00003503,7
bf_00020704,7
bf_00004934,7
bf_00013379,7
bf_00016743,7
bf_00023213,7
bf_00022311,7
bf_00021061,7
bf_00023287,7
bf_00022765,7
bf_00005955,7
bf_00009646,7
bf_00022529,7
bf_00006350,7
bf_00026082,7
bf_00019591,7
bf_00017356,7
bf_00015335,7
bf_00022865,7
bf_00022239,7
bf_00000135,7
bf_00016471,7
bf_00020528,7
bf_00025507,7
bf_00017873,7
bf_00014272,7
bf_00008931,7
bf_00009558,7
bf_00007694,7
bf_00010848,7
bf_00008050,7
bf_00019362,7
bf_00013017,7
bf_00008829,7
bf_00018310,7
bf_00019783,7
bf_00009310,7
bf_00002416,7
bf_00006517,7
bf_00022948,7
bf_00003620,7
bf_00021665,7
bf_00015710,7
bf_00018835,7
bf_00001060,7
bf_00020527,7
bf_00015621,7
bf_00002579,7
bf_00025926,7
bf_00017627,7
bf_00023440,7
bf_00011957,7
bf_00003112,7
bf_00013297,7
bf_00003158,7
bf_00009922,7
bf_00024651,7
bf_00001095,7
bf_00000455,7
bf_00021122,7
bf_00022149,7
bf_00001945,7
bf_00021645,7
bf_00006603,7
bf_00022599,7
bf_00008681,7
bf_00000071,7
bf_00006717,7
bf_00018150,7
bf_00009042,7
bf_00023121,7
bf_00021170,7
bf_00012033,7
bf_00011627,7
bf_00015643,7
bf_00019420,7
bf_00018508,7
bf_00018531,7
bf_00001705,7
bf_00008045,7
bf_00017740,7
bf_00021051,7
bf_00023325,7
bf_00022824,7
bf_00018147,7
bf_00009620,7
bf_00006001,7
bf_00024014,7
bf_00024495,7
bf_00004473,7
bf_00014334,7
bf_00022117,7
bf_00025863,7
bf_00017487,7
bf_00003779,7
bf_00021881,7
bf_00016584,7
bf_00022106,7
bf_00006698,7
bf_00009749,7
bf_00018267,7
bf_00004531,7
bf_00013308,7
bf_00019347,7
bf_00015226,7
bf_00007292,7
bf_00008884,7
bf_00019821,7
bf_00020463,7
bf_00021666,7
bf_00012169,7
bf_00016114,7
bf_00020082,7
bf_00017666,7
bf_00015611,7
bf_00018253,7
bf_00007631,7
bf_00000351,7
bf_00007241,7
bf_00006727,7
bf_00013186,7
bf_00013769,7
bf_00000085,7
bf_00001756,7
bf_00002167,7
bf_00013956,7
bf_00007610,7
bf_00013238,7
bf_00014788,7
bf_00005454,7
bf_00001182,7
bf_00000537,7
bf_00017145,7
bf_00004688,7
bf_00024234,7
bf_00003636,7
bf_00020945,7
bf_00003602,7
bf_00026076,7
bf_00018314,7
bf_00002868,7
bf_00000368,7
bf_00005249,7
bf_00004648,7
bf_00000164,7
bf_00022446,7
bf_00020985,7
bf_00019133,7
bf_00009597,7
bf_00009322,7
bf_00014425,7
bf_00014163,7
bf_00017301,7
bf_00023600,7
bf_00019670,7
bf_00002711,7
bf_00006207,7
bf_00001059,7
bf_00011505,7
bf_00011834,7
bf_00002394,7
bf_00000749,7
bf_00010896,7
bf_00023908,7
bf_00019110,7
bf_00014864,7
bf_00001607,7
bf_00017984,7
bf_00004865,7
bf_00001664,7
bf_00007497,7
bf_00018423,7
bf_00004756,7
bf_00015414,7
bf_00005336,7
bf_00005315,7
bf_00016676,7
bf_00024911,7
bf_00010118,7
bf_00006140,7
bf_00002557,7
bf_00005582,7
bf_00002977,7
bf_00006153,7
bf_00003049,7
bf_00016066,7
bf_00025267,7
bf_00014613,7
bf_00025865,7
bf_00001151,7
bf_00015980,7
bf_00021843,7
bf_00022474,7
bf_00025845,7
bf_00011264,7
bf_00000412,7
bf_00007448,7
bf_00017222,7
bf_00008112,7
bf_00004113,7
bf_00018121,7
bf_00009419,7
bf_00019754,7
bf_00002202,7
bf_00006721,7
bf_00004425,7
bf_00022049,7
bf_00016826,7
bf_00009904,7
bf_00001992,7
bf_00009898,7
bf_00016068,7
bf_00000955,7
bf_00015434,7
bf_00017602,7
bf_00014655,7
bf_00019396,7
bf_00010331,7
bf_00010243,7
bf_00006193,7
bf_00019951,7
bf_00020925,7
bf_00004347,7
bf_00012923,7
bf_00019890,7
bf_00010137,7
bf_00003962,7
bf_00007604,7
bf_00006005,7
bf_00003897,7
bf_00024509,7
bf_00006621,7
bf_00006069,7
bf_00016142,7
bf_00001015,7
bf_00000004,7
bf_00018772,7
bf_00016950,7
bf_00013364,7
bf_00005197,7
bf_00005434,7
bf_00008934,7
bf_00014585,7
bf_00026571,7
bf_00015439,7
bf_00016771,7
bf_00026212,7
bf_00012652,7
bf_00006543,7
bf_00015502,7
bf_00017518,7
bf_00022870,7
bf_00017401,7
bf_00010353,7
bf_00009741,7
bf_00018096,7
bf_00025271,7
bf_00006314,7
bf_00009562,7
bf_00006064,7
bf_00006671,7
bf_00003316,7
bf_00003595,7
bf_00004547,7
bf_00007774,7
bf_00025419,7
bf_00012585,7
bf_00011865,7
bf_00023795,7
bf_00016628,7
bf_00018201,7
bf_00001954,7
bf_00014008,7
bf_00005245,7
bf_00021111,7
bf_00016446,7
bf_00002530,7
bf_00016583,7
bf_00026228,7
bf_00003899,7
bf_00012834,7
bf_00007738,7
bf_00000872,7
bf_00000404,7
bf_00003654,7
bf_00008022,7
bf_00013162,7
bf_00013643,7
bf_00018161,7
bf_00003651,7
bf_00013580,7
bf_00006817,7
bf_00008310,7
bf_00021105,7
bf_00017445,7
bf_00023971,7
bf_00013940,7
bf_00009020,7
bf_00019644,7
bf_00009612,7
bf_00005250,7
bf_00010569,7
bf_00004258,7
bf_00015260,7
bf_00016545,7
bf_00014441,7
bf_00008147,7
bf_00025827,7
bf_00011893,7
bf_00021845,7
bf_00013106,7
bf_00010594,7
bf_00004943,7
bf_00012600,7
bf_00002742,7
bf_00010358,7
bf_00003613,7
bf_00012844,7
bf_00024308,7
bf_00000423,7
bf_00000389,7
bf_00000704,7
bf_00005021,7
bf_00015297,7
bf_00006265,7
bf_00005888,7
bf_00005695,7
bf_00026204,7
bf_00023719,7
bf_00012245,7
bf_00002554,7
bf_00003026,7
bf_00011445,7
bf_00004489,7
bf_00014944,7
bf_00006684,7
bf_00003947,7
bf_00018832,7
bf_00023122,7
bf_00021941,7
bf_00002597,7
bf_00015598,7
bf_00011701,7
bf_00025186,7
bf_00022639,7
bf_00000577,7
bf_00008864,7
bf_00000161,7
bf_00017459,7
bf_00006819,7
bf_00021430,7
bf_00011859,7
bf_00000241,7
bf_00003608,7
bf_00011889,7
bf_00020590,7
bf_00004483,7
bf_00020605,7
bf_00021913,7
bf_00001153,7
bf_00012940,7
bf_00001974,7
bf_00003997,7
bf_00000006,7
bf_00021849,7
bf_00002118,7
bf_00023010,7
bf_00006998,7
bf_00012780,7
bf_00015549,7
bf_00019931,7
bf_00019652,7
bf_00007434,7
bf_00007015,7
bf_00000558,7
bf_00010025,7
bf_00003870,7
bf_00015405,7
bf_00005724,7
bf_00005584,7
bf_00003403,7
bf_00017659,7
bf_00009370,7
bf_00002047,7
bf_00013061,7
bf_00014866,7
bf_00003111,7
bf_00002859,7
bf_00001026,7
bf_00009748,7
bf_00019708,7
bf_00006853,7
bf_00003171,7
bf_00004552,7
bf_00001388,7
bf_00023306,7
bf_00013188,7
bf_00014430,7
bf_00018186,7
bf_00016418,7
bf_00022320,7
bf_00022912,7
bf_00003387,7
bf_00008204,7
bf_00005022,7
bf_00002521,7
bf_00002622,7
bf_00010069,7
bf_00007156,7
bf_00006177,7
bf_00008017,7
bf_00005552,7
bf_00019574,7
bf_00020990,7
bf_00002214,7
bf_00015279,7
bf_00000682,7
bf_00020142,7
bf_00017156,7
bf_00006643,7
bf_00003055,7
bf_00013108,7
bf_00004278,7
bf_00010452,7
bf_00008141,7
bf_00005696,7
bf_00012782,7
bf_00008578,7
bf_00016368,7
bf_00022125,7
bf_00003388,7
bf_00001190,7
bf_00002586,7
bf_00005121,7
bf_00002546,7
bf_00019227,7
bf_00011645,7
bf_00025767,7
bf_00001167,7
bf_00025915,7
bf_00017570,7
bf_00008352,7
bf_00008298,7
bf_00000273,7
bf_00011691,7
bf_00006781,7
bf_00011513,7
bf_00013578,7
bf_00024231,7
bf_00001813,7
bf_00002097,7
bf_00015484,7
bf_00008061,7
bf_00004725,7
bf_00000756,7
bf_00006529,7
bf_00007512,7
bf_00000540,7
bf_00023151,7
bf_00010140,7
bf_00002935,7
bf_00022093,7
bf_00010453,7
bf_00013271,7
bf_00024107,7
bf_00002577,7
bf_00001203,7
bf_00015386,7
bf_00025082,7
bf_00010392,7
bf_00018843,7
bf_00007060,7
bf_00000129,7
bf_00015052,7
bf_00003265,7
bf_00022064,7
bf_00010300,7
bf_00001214,7
bf_00007516,7
bf_00004796,7
bf_00004575,7
bf_00020577,7
bf_00016355,7
bf_00021760,7
bf_00011488,7
bf_00018222,7
bf_00022124,7
bf_00013527,7
bf_00010056,7
bf_00009439,7
bf_00002411,7
bf_00017796,7
bf_00009905,7
bf_00001268,7
bf_00018565,7
bf_00018672,7
bf_00000846,7
bf_00026336,7
bf_00003998,7
bf_00003016,7
bf_00017104,7
bf_00006427,7
bf_00025293,7
bf_00009465,7
bf_00002885,7
bf_00010332,7
bf_00009942,7
bf_00013360,7
bf_00013863,7
bf_00013921,7
bf_00014120,7
bf_00015835,7
bf_00000901,7
bf_00010111,7
bf_00004748,7
bf_00025094,7
bf_00006726,7
bf_00011833,7
bf_00002361,7
bf_00003408,6
bf_00024893,6
bf_00000337,6
bf_00024116,6
bf_00020364,6
bf_00016348,6
bf_00018981,6
bf_00006196,6
bf_00000779,6
bf_00014471,6
bf_00008805,6
bf_00006201,6
bf_00021426,6
bf_00003980,6
bf_00004602,6
bf_00005134,6
bf_00014216,6
bf_00016675,6
bf_00005475,6
bf_00015553,6
bf_00020423,6
bf_00006354,6
bf_00023462,6
bf_00015298,6
bf_00008385,6
bf_00022180,6
bf_00021423,6
bf_00013994,6
bf_00026164,6
bf_00020073,6
bf_00007045,6
bf_00019479,6
bf_00018588,6
bf_00002708,6
bf_00007692,6
bf_00007451,6
bf_00008999,6
bf_00005463,6
bf_00019639,6
bf_00018511,6
bf_00003559,6
bf_00006540,6
bf_00000261,6
bf_00011076,6
bf_00007268,6
bf_00020027,6
bf_00016159,6
bf_00019348,6
bf_00010231,6
bf_00015337,6
bf_00008906,6
bf_00007455,6
bf_00003609,6
bf_00003754,6
bf_00002779,6
bf_00010112,6
bf_00002078,6
bf_00010242,6
bf_00000734,6
bf_00022505,6
bf_00009943,6
bf_00021971,6
bf_00013879,6
bf_00020472,6
bf_00008712,6
bf_00013970,6
bf_00002030,6
bf_00003473,6
bf_00017963,6
bf_00019494,6
bf_00009783,6
bf_00009320,6
bf_00020765,6
bf_00010130,6
bf_00002358,6
bf_00001770,6
bf_00023740,6
bf_00021119,6
bf_00002796,6
bf_00019691,6
bf_00006941,6
bf_00010126,6
bf_00010504,6
bf_00004495,6
bf_00015380,6
bf_00017657,6
bf_00019739,6
bf_00001989,6
bf_00017998,6
bf_00010266,6
bf_00012162,6
bf_00015836,6
bf_00011602,6
bf_00009068,6
bf_00023125,6
bf_00025864,6
bf_00002797,6
bf_00009065,6
bf_00003452,6
bf_00010345,6
bf_00003519,6
bf_00000356,6
bf_00000669,6
bf_00020121,6
bf_00015332,6
bf_00019575,6
bf_00018529,6
bf_00019228,6
bf_00022662,6
bf_00015342,6
bf_00012946,6
bf_00023979,6
bf_00009266,6
bf_00002029,6
bf_00000630,6
bf_00023649,6
bf_00023715,6
bf_00015444,6
bf_00009013,6
bf_00020575,6
bf_00002086,6
bf_00010132,6
bf_00007457,6
bf_00021425,6
bf_00015872,6
bf_00004399,6
bf_00019188,6
bf_00022350,6
bf_00025784,6
bf_00003222,6
bf_00023161,6
bf_00006741,6
bf_00024897,6
bf_00002928,6
bf_00011459,6
bf_00018919,6
bf_00018994,6
bf_00022197,6
bf_00001719,6
bf_00009952,6
bf_00003955,6
bf_00015243,6
bf_00011495,6
bf_00021399,6
bf_00024866,6
bf_00000593,6
bf_00014798,6
bf_00024269,6
bf_00000852,6
bf_00005353,6
bf_00012954,6
bf_00006075,6
bf_00024119,6
bf_00024835,6
bf_00010439,6
bf_00021600,6
bf_00018063,6
bf_00013866,6
bf_00005600,6
bf_00013027,6
bf_00012761,6
bf_00022647,6
bf_00024059,6
bf_00016827,6
bf_00019063,6
bf_00009950,6
bf_00007287,6
bf_00001751,6
bf_00012898,6
bf_00026118,6
bf_00009326,6
bf_00025084,6
bf_00018634,6
bf_00000919,6
bf_00002027,6
bf_00018812,6
bf_00003592,6
bf_00004968,6
bf_00005071,6
bf_00025815,6
bf_00026364,6
bf_00003129,6
bf_00013903,6
bf_00022319,6
bf_00022060,6
bf_00018564,6
bf_00022566,6
bf_00005102,6
bf_00005912,6
bf_00005752,6
bf_00001175,6
bf_00014355,6
bf_00022607,6
bf_00024342,6
bf_00019334,6
bf_00002958,6
bf_00011941,6
bf_00005986,6
bf_00006407,6
bf_00019311,6
bf_00020595,6
bf_00007859,6
bf_00013324,6
bf_00023683,6
bf_00022084,6
bf_00009718,6
bf_00000086,6
bf_00011477,6
bf_00009545,6
bf_00024985,6
bf_00014037,6
bf_00002072,6
bf_00025923,6
bf_00013858,6
bf_00021100,6
bf_00010136,6
bf_00025349,6
bf_00007693,6
bf_00016684,6
bf_00018407,6
bf_00020009,6
bf_00017476,6
bf_00006394,6
bf_00010444,6
bf_00019930,6
bf_00007706,6
bf_00011705,6
bf_00020120,6
bf_00018125,6
bf_00013111,6
bf_00017492,6
bf_00002782,6
bf_00000948,6
bf_00003385,6
bf_00000265,6
bf_00012269,6
bf_00002687,6
bf_00019737,6
bf_00024082,6
bf_00010614,6
bf_00014351,6
bf_00017995,6
bf_00019752,6
bf_00008110,6
bf_00002489,6
bf_00013276,6
bf_00000871,6
bf_00001691,6
bf_00013215,6
bf_00012339,6
bf_00001675,6
bf_00004634,6
bf_00015593,6
bf_00004312,6
bf_00011202,6
bf_00009214,6
bf_00015868,6
bf_00015619,6
bf_00025135,6
bf_00005717,6
bf_00021966,6
bf_00019823,6
bf_00007720,6
bf_00011175,6
bf_00000018,6
bf_00011549,6
bf_00014952,6
bf_00018313,6
bf_00007469,6
bf_00002420,6
bf_00025717,6
bf_00022177,6
bf_00004690,6
bf_00012496,6
bf_00002021,6
bf_00021125,6
bf_00022572,6
bf_00002317,6
bf_00002188,6
bf_00011303,6
bf_00001698,6
bf_00001430,6
bf_00013568,6
bf_00023050,6
bf_00008100,6
bf_00005522,6
bf_00026386,6
bf_00007790,6
bf_00005701,6
bf_00001790,6
bf_00022811,6
bf_00021055,6
bf_00012165,6
bf_00015840,6
bf_00008574,6
bf_00000133,6
bf_00003011,6
bf_00000266,6
bf_00019333,6
bf_00001030,6
bf_00006749,6
bf_00023940,6
bf_00022516,6
bf_00005513,6
bf_00020402,6
bf_00012359,6
bf_00000233,6
bf_00009913,6
bf_00020569,6
bf_00022023,6
bf_00017435,6
bf_00005429,6
bf_00022233,6
bf_00006918,6
bf_00012685,6
bf_00001913,6
bf_00008304,6
bf_00001939,6
bf_00001011,6
bf_00013663,6
bf_00011724,6
bf_00000742,6
bf_00007627,6
bf_00013217,6
bf_00003643,6
bf_00014594,6
bf_00002833,6
bf_00004505,6
bf_00018567,6
bf_00017034,6
bf_00016397,6
bf_00003896,6
bf_00010443,6
bf_00013068,6
bf_00010104,6
bf_00012811,6
bf_00026081,6
bf_00015622,6
bf_00000403,6
bf_00001185,6
bf_00006731,6
bf_00008009,6
bf_00022717,6
bf_00002008,6
bf_00021118,6
bf_00017902,6
bf_00021408,6
bf_00013864,6
bf_00020921,6
bf_00023256,6
bf_00000201,6
bf_00014451,6
bf_00000514,6
bf_00004761,6
bf_00000075,6
bf_00024867,6
bf_00002010,6
bf_00003363,6
bf_00022351,6
bf_00007500,6
bf_00016098,6
bf_00002979,6
bf_00020558,6
bf_00026409,6
bf_00023570,6
bf_00006444,6
bf_00022043,6
bf_00002776,6
bf_00018966,6
bf_00006690,6
bf_00019778,6
bf_00008859,6
bf_00008549,6
bf_00008225,6
bf_00007284,6
bf_00025361,6
bf_00001632,6
bf_00008924,6
bf_00001425,6
bf_00014478,6
bf_00021406,6
bf_00019522,6
bf_00013149,6
bf_00019780,6
bf_00017374,6
bf_00022290,6
bf_00011555,6
bf_00004693,6
bf_00000675,6
bf_00025368,6
bf_00002694,6
bf_00007059,6
bf_00001380,6
bf_00007707,6
bf_00011694,6
bf_00009762,6
bf_00008952,6
bf_00001308,6
bf_00000695,6
bf_00012614,6
bf_00008693,6
bf_00009551,6
bf_00010942,6
bf_00011519,6
bf_00021366,6
bf_00016985,6
bf_00008183,6
bf_00002900,6
bf_00005970,6
bf_00019904,6
bf_00017379,6
bf_00000869,6
bf_00010505,6
bf_00019484,6
bf_00009455,6
bf_00008326,6
bf_00000257,6
bf_00002563,6
bf_00017638,6
bf_00000902,6
bf_00012471,6
bf_00026218,6
bf_00001063,6
bf_00009454,6
bf_00001159,6
bf_00021096,6
bf_00000029,6
bf_00023110,6
bf_00024831,6
bf_00024771,6
bf_00006748,6
bf_00004287,6
bf_00005992,6
bf_00024431,6
bf_00006678,6
bf_00005205,6
bf_00000805,6
bf_00015232,6
bf_00019615,6
bf_00022687,6
bf_00006145,6
bf_00006720,6
bf_00020702,6
bf_00020186,6
bf_00025291,6
bf_00006988,6
bf_00009618,6
bf_00021121,6
bf_00010127,6
bf_00002712,6
bf_00011723,6
bf_00023954,6
bf_00014460,6
bf_00009367,6
bf_00020500,6
bf_00020118,6
bf_00022349,6
bf_00009849,6
bf_00010008,6
bf_00001327,6
bf_00017302,6
bf_00017636,6
bf_00011100,6
bf_00017203,6
bf_00006090,6
bf_00005916,6
bf_00018858,6
bf_00017936,6
bf_00025666,6
bf_00017376,6
bf_00001700,6
bf_00013651,6
bf_00000406,6
bf_00005257,6
bf_00003866,6
bf_00004007,6
bf_00019472,6
bf_00020034,6
bf_00000834,6
bf_00004836,6
bf_00004329,6
bf_00021732,6
bf_00002448,6
bf_00001779,6
bf_00025476,6
bf_00016945,6
bf_00001564,6
bf_00019871,6
bf_00023159,6
bf_00008492,6
bf_00002778,6
bf_00021953,6
bf_00022573,6
bf_00001496,6
bf_00013517,6
bf_00012157,6
bf_00005904,6
bf_00015769,6
bf_00020881,6
bf_00016214,6
bf_00009145,6
bf_00010864,5
bf_00012687,5
bf_00011870,5
bf_00005216,5
bf_00017517,5
bf_00023725,5
bf_00002801,5
bf_00013137,5
bf_00014447,5
bf_00022137,5
bf_00020842,5
bf_00024600,5
bf_00002968,5
bf_00006829,5
bf_00012903,5
bf_00012669,5
bf_00000918,5
bf_00011863,5
bf_00025006,5
bf_00015757,5
bf_00024121,5
bf_00020028,5
bf_00002921,5
bf_00013487,5
bf_00009759,5
bf_00025906,5
bf_00014941,5
bf_00022571,5
bf_00023899,5
bf_00018323,5
bf_00000128,5
bf_00022913,5
bf_00000641,5
bf_00005591,5
bf_00017677,5
bf_00006269,5
bf_00020847,5
bf_00004304,5
bf_00016111,5
bf_00025024,5
bf_00019923,5
bf_00005236,5
bf_00003243,5
bf_00001254,5
bf_00004277,5
bf_00025485,5
bf_00000229,5
bf_00003944,5
bf_00024117,5
bf_00017073,5
bf_00011883,5
bf_00012064,5
bf_00017906,5
bf_00015671,5
bf_00025762,5
bf_00008827,5
bf_00014779,5
bf_00012523,5
bf_00013404,5
bf_00002580,5
bf_00001197,5
bf_00018409,5
bf_00014165,5
bf_00002392,5
bf_00006372,5
bf_00009639,5
bf_00001914,5
bf_00005053,5
bf_00006760,5
bf_00018522,5
bf_00024924,5
bf_00003204,5
bf_00015187,5
bf_00014388,5
bf_00024824,5
bf_00017335,5
bf_00008563,5
bf_00008710,5
bf_00016018,5
bf_00009744,5
bf_00008040,5
bf_00025461,5
bf_00020508,5
bf_00008175,5
bf_00005581,5
bf_00009230,5
bf_00020420,5
bf_00004041,5
bf_00000472,5
bf_00007762,5
bf_00002418,5
bf_00012504,5
bf_00007285,5
bf_00008232,5
bf_00011806,5
bf_00022629,5
bf_00005723,5
bf_00006432,5
bf_00008923,5
bf_00022825,5
bf_00007166,5
bf_00013972,5
bf_00017247,5
bf_00020172,5
bf_00001748,5
bf_00006059,5
bf_00024702,5
bf_00017836,5
bf_00017095,5
bf_00017833,5
bf_00021695,5
bf_00023198,5
bf_00003072,5
bf_00001662,5
bf_00009566,5
bf_00010729,5
bf_00026065,5
bf_00014789,5
bf_00017059,5
bf_00004474,5
bf_00007318,5
bf_00021568,5
bf_00009475,5
bf_00024133,5
bf_00013401,5
bf_00024079,5
bf_00002710,5
bf_00022083,5
bf_00017532,5
bf_00011063,5
bf_00004972,5
bf_00015331,5
bf_00006416,5
bf_00009818,5
bf_00016074,5
bf_00002335,5
bf_00001838,5
bf_00007795,5
bf_00010828,5
bf_00001231,5
bf_00003050,5
bf_00022027,5
bf_00022135,5
bf_00009779,5
bf_00011440,5
bf_00019031,5
bf_00016425,5
bf_00000499,5
bf_00001574,5
bf_00013658,5
bf_00016807,5
bf_00002485,5
bf_00018671,5
bf_00004640,5
bf_00026112,5
bf_00022050,5
bf_00025391,5
bf_00010018,5
bf_00006528,5
bf_00004006,5
bf_00006365,5
bf_00024468,5
bf_00013140,5
bf_00014482,5
bf_00002043,5
bf_00000299,5
bf_00016683,5
bf_00026556,5
bf_00000271,5
bf_00017348,5
bf_00016857,5
bf_00015679,5
bf_00001188,5
bf_00011616,5
bf_00014634,5
bf_00021914,5
bf_00003383,5
bf_00002910,5
bf_00003972,5
bf_00002964,5
bf_00009311,5
bf_00009906,5
bf_00014914,5
bf_00008367,5
bf_00009619,5
bf_00025112,5
bf_00013426,5
bf_00007733,5
bf_00007572,5
bf_00008276,5
bf_00006189,5
bf_00005577,5
bf_00006200,5
bf_00001064,5
bf_00021082,5
bf_00006882,5
bf_00020667,5
bf_00022894,5
bf_00026335,5
bf_00021164,5
bf_00021858,5
bf_00015866,5
bf_00015197,5
bf_00014345,5
bf_00019887,5
bf_00017760,5
bf_00006566,5
bf_00006715,5
bf_00013880,5
bf_00012065,5
bf_00001627,5
bf_00016223,5
bf_00004743,5
bf_00026186,5
bf_00009496,5
bf_00009803,5
bf_00007122,5
bf_00018841,5
bf_00011244,5
bf_00009178,5
bf_00013492,5
bf_00007315,5
bf_00011823,5
bf_00022331,5
bf_00020810,5
bf_00000849,5
bf_00014742,5
bf_00025022,5
bf_00017479,5
bf_00007360,5
bf_00015616,5
bf_00008433,5
bf_00011992,5
bf_00004115,5
bf_00004877,5
bf_00023160,5
bf_00007666,5
bf_00000623,5
bf_00000235,5
bf_00020545,5
bf_00017444,5
bf_00024769,5
bf_00004843,5
bf_00015401,5
bf_00008218,5
bf_00023760,5
bf_00013143,5
bf_00000808,5
bf_00017672,5
bf_00010227,5
bf_00018048,5
bf_00012831,5
bf_00026151,5
bf_00005101,5
bf_00003910,5
bf_00007224,5
bf_00018243,5
bf_00007254,5
bf_00017781,5
bf_00006640,5
bf_00017005,5
bf_00009303,5
bf_00007456,5
bf_00014770,5
bf_00013448,5
bf_00004650,5
bf_00019944,5
bf_00025364,5
bf_00011905,5
bf_00002626,5
bf_00007210,5
bf_00024760,5
bf_00013403,5
bf_00018272,5
bf_00010633,5
bf_00010580,5
bf_00009743,5
bf_00022567,5
bf_00018429,5
bf_00023044,5
bf_00006205,5
bf_00006321,5
bf_00004998,5
bf_00003471,5
bf_00024726,5
bf_00023156,5
bf_00003905,5
bf_00016839,5
bf_00013097,5
bf_00018398,5
bf_00004856,5
bf_00016383,5
bf_00006578,5
bf_00021589,5
bf_00018072,5
bf_00001155,5
bf_00005165,5
bf_00020269,5
bf_00022893,5
bf_00002344,5
bf_00013937,5
bf_00017241,5
bf_00008553,5
bf_00005589,5
bf_00016055,5
bf_00010246,5
bf_00004925,5
bf_00001856,5
bf_00000952,5
bf_00005335,5
bf_00005457,5
bf_00012248,5
bf_00020749,5
bf_00023447,5
bf_00010103,5
bf_00018386,5
bf_00016895,5
bf_00011314,5
bf_00002059,5
bf_00002268,5
bf_00010853,5
bf_00024914,5
bf_00001316,5
bf_00017022,5
bf_00011898,5
bf_00015408,5
bf_00006730,5
bf_00005426,5
bf_00000465,5
bf_00005218,5
bf_00016299,5
bf_00008656,5
bf_00026416,5
bf_00019571,5
bf_00012947,5
bf_00025292,5
bf_00018518,5
bf_00025833,5
bf_00004553,5
bf_00009440,5
bf_00016573,5
bf_00013105,5
bf_00023444,5
bf_00010550,5
bf_00005058,5
bf_00008979,5
bf_00018256,5
bf_00015555,5
bf_00001048,5
bf_00008883,5
bf_00010199,5
bf_00002731,5
bf_00023483,5
bf_00010129,5
bf_00012257,5
bf_00017650,5
bf_00002096,5
bf_00016107,5
bf_00009463,5
bf_00026413,5
bf_00026303,5
bf_00023582,5
bf_00007442,5
bf_00010188,5
bf_00023883,5
bf_00007490,5
bf_00016148,5
bf_00015700,5
bf_00001013,5
bf_00017211,5
bf_00000224,5
bf_00024999,5
bf_00009633,5
bf_00021613,5
bf_00010829,5
bf_00021739,5
bf_00013516,5
bf_00015397,5
bf_00010585,5
bf_00010042,5
bf_00025433,5
bf_00012209,5
bf_00010337,5
bf_00010406,5
bf_00020017,5
bf_00018628,5
bf_00018896,5
bf_00015667,5
bf_00026587,5
bf_00012338,5
bf_00022022,5
bf_00007578,5
bf_00020617,5
bf_00023670,5
bf_00000285,5
bf_00003509,5
bf_00011914,5
bf_00020019,5
bf_00021734,5
bf_00014588,5
bf_00018366,5
bf_00004454,5
bf_00025395,5
bf_00000913,5
bf_00017761,5
bf_00022627,5
bf_00024905,5
bf_00000874,5
bf_00018870,5
bf_00006555,5
bf_00007208,5
bf_00022531,5
bf_00002574,5
bf_00020701,5
bf_00026550,5
bf_00009472,5
bf_00003843,5
bf_00013173,5
bf_00022999,5
bf_00011542,5
bf_00001125,5
bf_00005246,5
bf_00005392,5
bf_00021024,5
bf_00007270,5
bf_00020370,5
bf_00017665,5
bf_00013117,5
bf_00004739,5
bf_00006743,5
bf_00010164,5
bf_00002754,5
bf_00019134,5
bf_00016552,5
bf_00009757,5
bf_00004643,5
bf_00003273,5
bf_00008848,5
bf_00015485,5
bf_00015788,5
bf_00003745,5
bf_00019048,5
bf_00000070,5
bf_00000590,5
bf_00005414,5
bf_00001075,5
bf_00015880,5
bf_00013951,5
bf_00015365,5
bf_00018110,5
bf_00019097,5
bf_00017652,5
bf_00009337,5
bf_00011391,5
bf_00024836,5
bf_00025871,5
bf_00006348,5
bf_00009800,5
bf_00024120,5
bf_00002140,5
bf_00021873,5
bf_00020021,5
bf_00005384,5
bf_00009603,5
bf_00000943,5
bf_00000042,5
bf_00014164,5
bf_00019915,5
bf_00004893,5
bf_00011098,5
bf_00006581,5
bf_00025334,5
bf_00025095,5
bf_00023182,5
bf_00000621,5
bf_00025051,5
bf_00010506,5
bf_00008339,5
bf_00023049,5
bf_00008625,5
bf_00006323,5
bf_00018964,5
bf_00007887,5
bf_00000532,5
bf_00004389,5
bf_00012612,5
bf_00014336,5
bf_00017473,5
bf_00024000,5
bf_00004402,5
bf_00015455,5
bf_00005004,5
bf_00003913,5
bf_00022162,5
bf_00012294,5
bf_00024181,5
bf_00008417,5
bf_00002938,5
bf_00021632,5
bf_00023906,5
bf_00005090,5
bf_00000210,5
bf_00009363,5
bf_00003579,5
bf_00013421,5
bf_00007119,5
bf_00007076,5
bf_00000941,5
bf_00006879,5
bf_00006920,5
bf_00015739,5
bf_00019243,5
bf_00005871,5
bf_00005270,5
bf_00013993,5
bf_00023034,5
bf_00015443,5
bf_00018394,5
bf_00005316,4
bf_00017218,4
bf_00013187,4
bf_00026121,4
bf_00011444,4
bf_00019483,4
bf_00023116,4
bf_00015420,4
bf_00014675,4
bf_00000844,4
bf_00003842,4
bf_00000267,4
bf_00017539,4
bf_00022632,4
bf_00021395,4
bf_00025164,4
bf_00009446,4
bf_00010687,4
bf_00015263,4
bf_00006051,4
bf_00007169,4
bf_00008238,4
bf_00001767,4
bf_00017242,4
bf_00008500,4
bf_00016331,4
bf_00014036,4
bf_00021360,4
bf_00005959,4
bf_00022604,4
bf_00019187,4
bf_00013151,4
bf_00006714,4
bf_00021867,4
bf_00015419,4
bf_00025460,4
bf_00005940,4
bf_00001692,4
bf_00007605,4
bf_00021054,4
bf_00007271,4
bf_00000174,4
bf_00005000,4
bf_00006766,4
bf_00022631,4
bf_00002788,4
bf_00017991,4
bf_00016210,4
bf_00016344,4
bf_00011409,4
bf_00009673,4
bf_00002929,4
bf_00026395,4
bf_00002672,4
bf_00022696,4
bf_00015596,4
bf_00022606,4
bf_00008506,4
bf_00025985,4
bf_00006683,4
bf_00005586,4
bf_00014181,4
bf_00026053,4
bf_00016288,4
bf_00011429,4
bf_00015460,4
bf_00012497,4
bf_00026171,4
bf_00023926,4
bf_00006448,4
bf_00004801,4
bf_00004410,4
bf_00017077,4
bf_00016982,4
bf_00011651,4
bf_00015719,4
bf_00009817,4
bf_00022969,4
bf_00015423,4
bf_00020968,4
bf_00021615,4
bf_00009979,4
bf_00026322,4
bf_00024172,4
bf_00014665,4
bf_00019653,4
bf_00004841,4
bf_00000255,4
bf_00022096,4
bf_00007041,4
bf_00007675,4
bf_00022058,4
bf_00004914,4
bf_00013827,4
bf_00020170,4
bf_00018813,4
bf_00023047,4
bf_00010601,4
bf_00007453,4
bf_00006912,4
bf_00016398,4
bf_00006693,4
bf_00001219,4
bf_00023710,4
bf_00019570,4
bf_00018517,4
bf_00011864,4
bf_00008973,4
bf_00017389,4
bf_00022313,4
bf_00003650,4
bf_00012956,4
bf_00018119,4
bf_00013755,4
bf_00004902,4
bf_00018653,4
bf_00018402,4
bf_00018424,4
bf_00018223,4
bf_00010430,4
bf_00014459,4
bf_00012667,4
bf_00025205,4
bf_00024543,4
bf_00014306,4
bf_00014274,4
bf_00026010,4
bf_00002628,4
bf_00009953,4
bf_00004662,4
bf_00025021,4
bf_00023051,4
bf_00016669,4
bf_00015400,4
bf_00006733,4
bf_00011452,4
bf_00011897,4
bf_00018654,4
bf_00009709,4
bf_00012649,4
bf_00019866,4
bf_00000002,4
bf_00011478,4
bf_00007752,4
bf_00014814,4
bf_00024264,4
bf_00000569,4
bf_00013300,4
bf_00006091,4
bf_00020942,4
bf_00008302,4
bf_00016309,4
bf_00021658,4
bf_00019352,4
bf_00011342,4
bf_00008305,4
bf_00025070,4
bf_00009990,4
bf_00018379,4
bf_00014729,4
bf_00012725,4
bf_00004506,4
bf_00015754,4
bf_00006881,4
bf_00003350,4
bf_00019656,4
bf_00011871,4
bf_00014227,4
bf_00017150,4
bf_00025435,4
bf_00008490,4
bf_00008280,4
bf_00002965,4
bf_00003541,4
bf_00015956,4
bf_00024894,4
bf_00001000,4
bf_00021741,4
bf_00001428,4
bf_00020885,4
bf_00002325,4
bf_00015403,4
bf_00004480,4
bf_00025966,4
bf_00013981,4
bf_00003074,4
bf_00015740,4
bf_00017703,4
bf_00025031,4
bf_00025260,4
bf_00013749,4
bf_00020754,4
bf_00022517,4
bf_00019607,4
bf_00008002,4
bf_00001429,4
bf_00000435,4
bf_00012394,4
bf_00012031,4
bf_00011625,4
bf_00018210,4
bf_00006746,4
bf_00000429,4
bf_00014956,4
bf_00010047,4
bf_00013393,4
bf_00020967,4
bf_00013155,4
bf_00014741,4
bf_00005991,4
bf_00019695,4
bf_00014518,4
bf_00008551,4
bf_00006724,4
bf_00018363,4
bf_00003788,4
bf_00002090,4
bf_00003437,4
bf_00002791,4
bf_00023056,4
bf_00022139,4
bf_00002532,4
bf_00015534,4
bf_00007696,4
bf_00008192,4
bf_00001266,4
bf_00026339,4
bf_00025979,4
bf_00023597,4
bf_00000036,4
bf_00017753,4
bf_00017838,4
bf_00007780,4
bf_00000780,4
bf_00001969,4
bf_00024141,4
bf_00002700,4
bf_00021551,4
bf_00006384,4
bf_00008491,4
bf_00018356,4
bf_00022171,4
bf_00023459,4
bf_00006476,4
bf_00023200,4
bf_00020117,4
bf_00011300,4
bf_00000602,4
bf_00005282,4
bf_00021188,4
bf_00012701,4
bf_00016328,4
bf_00008291,4
bf_00001400,4
bf_00020405,4
bf_00000510,4
bf_00009437,4
bf_00002543,4
bf_00011511,4
bf_00014442,4
bf_00006328,4
bf_00017245,4
bf_00011454,4
bf_00018107,4
bf_00024309,4
bf_00018047,4
bf_00013282,4
bf_00008755,4
bf_00007678,4
bf_00008418,4
bf_00016848,4
bf_00022570,4
bf_00025817,4
bf_00004372,4
bf_00017298,4
bf_00016825,4
bf_00021534,4
bf_00010598,4
bf_00011719,4
bf_00007818,4
bf_00012263,4
bf_00013183,4
bf_00012163,4
bf_00008097,4
bf_00010603,4
bf_00022330,4
bf_00000763,4
bf_00008372,4
bf_00008654,4
bf_00000802,4
bf_00016310,4
bf_00007409,4
bf_00022324,4
bf_00005221,4
bf_00026466,4
bf_00002544,4
bf_00016869,4
bf_00014383,4
bf_00026581,4
bf_00024691,4
bf_00019911,4
bf_00010403,4
bf_00017337,4
bf_00005885,4
bf_00010182,4
bf_00001776,4
bf_00015599,4
bf_00004667,4
bf_00010049,4
bf_00018393,4
bf_00025067,4
bf_00022456,4
bf_00024425,4
bf_00002975,4
bf_00018884,4
bf_00016176,4
bf_00002802,4
bf_00013971,4
bf_00007922,4
bf_00006577,4
bf_00001680,4
bf_00011628,4
bf_00013405,4
bf_00013608,4
bf_00007110,4
bf_00016411,4
bf_00000828,4
bf_00002156,4
bf_00019581,4
bf_00025513,4
bf_00006948,4
bf_00015570,4
bf_00001399,4
bf_00009063,4
bf_00007267,4
bf_00007123,4
bf_00008691,4
bf_00009438,4
bf_00024730,4
bf_00006956,4
bf_00006694,4
bf_00007896,4
bf_00018859,4
bf_00014637,4
bf_00009656,4
bf_00024204,4
bf_00005950,4
bf_00002920,4
bf_00003120,4
bf_00006195,4
bf_00010854,4
bf_00016450,4
bf_00009594,4
bf_00021980,4
bf_00004660,4
bf_00012967,4
bf_00017926,4
bf_00018869,4
bf_00006544,4
bf_00003042,4
bf_00025318,4
bf_00016555,4
bf_00020610,4
bf_00016842,4
bf_00001228,4
bf_00002535,4
bf_00011761,4
bf_00019258,4
bf_00003530,4
bf_00007674,4
bf_00006681,4
bf_00018827,4
bf_00000547,4
bf_00009332,4
bf_00013275,4
bf_00009543,4
bf_00021951,4
bf_00001968,4
bf_00025533,4
bf_00019500,4
bf_00014082,4
bf_00004753,4
bf_00013136,4
bf_00009292,4
bf_00022012,4
bf_00006454,4
bf_00016473,4
bf_00023745,4
bf_00001235,4
bf_00013579,4
bf_00024998,4
bf_00023283,4
bf_00007212,4
bf_00019041,4
bf_00000436,4
bf_00005064,4
bf_00007440,4
bf_00008509,4
bf_00016209,4
bf_00008605,4
bf_00005632,4
bf_00023773,4
bf_00003686,4
bf_00005833,4
bf_00013881,4
bf_00019830,4
bf_00016199,4
bf_00004501,4
bf_00001653,4
bf_00022777,4
bf_00017167,4
bf_00018090,4
bf_00004494,4
bf_00008283,4
bf_00018578,4
bf_00006098,4
bf_00023184,4
bf_00020305,4
bf_00014738,4
bf_00017450,4
bf_00023705,4
bf_00018182,4
bf_00010226,4
bf_00013279,4
bf_00014702,4
bf_00000489,4
bf_00024009,4
bf_00019319,4
bf_00017282,4
bf_00015548,4
bf_00000959,4
bf_00000599,4
bf_00001684,4
bf_00000330,4
bf_00004969,4
bf_00023062,4
bf_00009616,4
bf_00024386,4
bf_00022056,4
bf_00021387,4
bf_00016840,4
bf_00005720,4
bf_00000798,4
bf_00009276,4
bf_00001586,4
bf_00025921,4
bf_00021432,4
bf_00013814,4
bf_00004772,4
bf_00012044,4
bf_00024542,4
bf_00008640,4
bf_00016044,4
bf_00010955,4
bf_00005962,4
bf_00019529,4
bf_00015334,4
bf_00002494,4
bf_00002077,4
bf_00000012,4
bf_00005157,4
bf_00013084,4
bf_00014411,4
bf_00026197,4
bf_00000833,4
bf_00003059,4
bf_00011238,4
bf_00010736,4
bf_00019225,4
bf_00011767,4
bf_00001985,4
bf_00006968,4
bf_00012444,4
bf_00020867,4
bf_00010419,4
bf_00025988,4
bf_00002902,4
bf_00020421,4
bf_00014034,4
bf_00009236,4
bf_00016791,4
bf_00023494,4
bf_00023115,4
bf_00014724,4
bf_00024477,4
bf_00003089,4
bf_00005202,4
bf_00006754,4
bf_00019786,4
bf_00000332,4
bf_00020852,4
bf_00016449,4
bf_00020023,4
bf_00014417,4
bf_00010195,4
bf_00023196,4
bf_00024614,4
bf_00006138,4
bf_00009488,4
bf_00005032,4
bf_00005972,4
bf_00001106,4
bf_00009587,4
bf_00024556,4
bf_00015932,4
bf_00004672,4
bf_00021599,4
bf_00016880,4
bf_00006466,4
bf_00016922,4
bf_00002719,4
bf_00013884,4
bf_00017608,4
bf_00011310,4
bf_00024489,4
bf_00016483,4
bf_00015384,4
bf_00026120,4
bf_00006461,4
bf_00012852,4
bf_00006498,4
bf_00011857,4
bf_00015527,4
bf_00020604,4
bf_00000584,4
bf_00002134,4
bf_00026268,4
bf_00017284,4
bf_00021059,4
bf_00023171,4
bf_00026072,4
bf_00017096,4
bf_00011751,4
bf_00002966,4
bf_00008059,4
bf_00013577,4
bf_00022217,4
bf_00001883,4
bf_00007515,4
bf_00021894,4
bf_00000755,4
bf_00009866,4
bf_00009520,4
bf_00003272,4
bf_00007992,4
bf_00000409,4
bf_00004424,4
bf_00016412,4
bf_00010115,4
bf_00000234,3
bf_00019341,3
bf_00024930,3
bf_00000245,3
bf_00017358,3
bf_00021685,3
bf_00023874,3
bf_00006034,3
bf_00005427,3
bf_00020782,3
bf_00020294,3
bf_00006886,3
bf_00020084,3
bf_00011261,3
bf_00020484,3
bf_00001050,3
bf_00018837,3
bf_00005171,3
bf_00016944,3
bf_00023807,3
bf_00016595,3
bf_00008877,3
bf_00014475,3
bf_00001223,3
bf_00008622,3
bf_00017587,3
bf_00015971,3
bf_00014847,3
bf_00012836,3
bf_00015791,3
bf_00018391,3
bf_00001598,3
bf_00001661,3
bf_00023349,3
bf_00018194,3
bf_00024719,3
bf_00025378,3
bf_00006791,3
bf_00006792,3
bf_00010263,3
bf_00014629,3
bf_00012726,3
bf_00024497,3
bf_00002052,3
bf_00008105,3
bf_00016123,3
bf_00000546,3
bf_00012262,3
bf_00000289,3
bf_00006758,3
bf_00018982,3
bf_00008961,3
bf_00009546,3
bf_00024012,3
bf_00019925,3
bf_00023030,3
bf_00014785,3
bf_00008650,3
bf_00010915,3
bf_00006757,3
bf_00019728,3
bf_00000572,3
bf_00018231,3
bf_00005733,3
bf_00019651,3
bf_00000175,3
bf_00019100,3
bf_00017365,3
bf_00021050,3
bf_00008109,3
bf_00003790,3
bf_00020274,3
bf_00023952,3
bf_00002189,3
bf_00023170,3
bf_00021648,3
bf_00002982,3
bf_00013679,3
bf_00023827,3
bf_00020394,3
bf_00018115,3
bf_00022179,3
bf_00010016,3
bf_00017861,3
bf_00020371,3
bf_00000156,3
bf_00018129,3
bf_00025261,3
bf_00008196,3
bf_00001297,3
bf_00019297,3
bf_00016914,3
bf_00024183,3
bf_00024146,3
bf_00018246,3
bf_00007222,3
bf_00007214,3
bf_00003311,3
bf_00013776,3
bf_00006094,3
bf_00012085,3
bf_00022189,3
bf_00008285,3
bf_00000141,3
bf_00025209,3
bf_00003218,3
bf_00008188,3
bf_00015437,3
bf_00014387,3
bf_00023885,3
bf_00017066,3
bf_00009567,3
bf_00012781,3
bf_00017653,3
bf_00017148,3
bf_00020126,3
bf_00003283,3
bf_00002333,3
bf_00018276,3
bf_00003871,3
bf_00024679,3
bf_00010362,3
bf_00008708,3
bf_00025843,3
bf_00022992,3
bf_00000177,3
bf_00017556,3
bf_00008896,3
bf_00007980,3
bf_00019636,3
bf_00008613,3
bf_00022842,3
bf_00002336,3
bf_00025918,3
bf_00019539,3
bf_00007814,3
bf_00000260,3
bf_00014545,3
bf_00007973,3
bf_00007444,3
bf_00011234,3
bf_00015367,3
bf_00022832,3
bf_00021956,3
bf_00025131,3
bf_00020506,3
bf_00009608,3
bf_00003349,3
bf_00007496,3
bf_00009592,3
bf_00006047,3
bf_00023832,3
bf_00011114,3
bf_00002016,3
bf_00015874,3
bf_00020293,3
bf_00016811,3
bf_00008073,3
bf_00018413,3
bf_00023819,3
bf_00026470,3
bf_00019758,3
bf_00005371,3
bf_00004477,3
bf_00020919,3
bf_00000654,3
bf_00013165,3
bf_00007862,3
bf_00020347,3
bf_00024498,3
bf_00023355,3
bf_00012264,3
bf_00001132,3
bf_00001160,3
bf_00019521,3
bf_00016339,3
bf_00009235,3
bf_00002040,3
bf_00013233,3
bf_00006572,3
bf_00012728,3
bf_00014903,3
bf_00000986,3
bf_00016342,3
bf_00003900,3
bf_00006822,3
bf_00019238,3
bf_00022844,3
bf_00002138,3
bf_00003027,3
bf_00019001,3
bf_00006067,3
bf_00014746,3
bf_00008154,3
bf_00001174,3
bf_00014706,3
bf_00023268,3
bf_00016656,3
bf_00002749,3
bf_00020717,3
bf_00018174,3
bf_00025956,3
bf_00006396,3
bf_00014894,3
bf_00013216,3
bf_00023944,3
bf_00014353,3
bf_00003456,3
bf_00025199,3
bf_00025783,3
bf_00010609,3
bf_00019363,3
bf_00010054,3
bf_00002829,3
bf_00001047,3
bf_00010218,3
bf_00013982,3
bf_00014895,3
bf_00013495,3
bf_00008438,3
bf_00008669,3
bf_00009401,3
bf_00014626,3
bf_00005303,3
bf_00007570,3
bf_00005960,3
bf_00016032,3
bf_00006565,3
bf_00020785,3
bf_00019361,3
bf_00010623,3
bf_00017024,3
bf_00020139,3
bf_00018852,3
bf_00022229,3
bf_00020369,3
bf_00011943,3
bf_00004120,3
bf_00019107,3
bf_00003248,3
bf_00006702,3
bf_00002602,3
bf_00000580,3
bf_00000225,3
bf_00006677,3
bf_00005043,3
bf_00016354,3
bf_00007999,3
bf_00016298,3
bf_00007898,3
bf_00000973,3
bf_00005373,3
bf_00005505,3
bf_00017676,3
bf_00016337,3
bf_00023455,3
bf_00003469,3
bf_00005051,3
bf_00014318,3
bf_00018497,3
bf_00003269,3
bf_00022123,3
bf_00010748,3
bf_00020286,3
bf_00016112,3
bf_00008245,3
bf_00021535,3
bf_00020955,3
bf_00014636,3
bf_00006747,3
bf_00012902,3
bf_00026116,3
bf_00009790,3
bf_00014664,3
bf_00005874,3
bf_00020996,3
bf_00009994,3
bf_00005540,3
bf_00006429,3
bf_00023549,3
bf_00023352,3
bf_00021102,3
bf_00010735,3
bf_00025235,3
bf_00022473,3
bf_00000658,3
bf_00007247,3
bf_00017519,3
bf_00017212,3
bf_00011331,3
bf_00025339,3
bf_00014497,3
bf_00008926,3
bf_00020016,3
bf_00003970,3
bf_00005951,3
bf_00000081,3
bf_00012316,3
bf_00026560,3
bf_00017415,3
bf_00005138,3
bf_00002989,3
bf_00020997,3
bf_00002490,3
bf_00007064,3
bf_00019528,3
bf_00014619,3
bf_00002161,3
bf_00001912,3
bf_00025937,3
bf_00003525,3
bf_00012739,3
bf_00004884,3
bf_00006525,3
bf_00009489,3
bf_00024205,3
bf_00015383,3
bf_00024163,3
bf_00024114,3
bf_00004165,3
bf_00010399,3
bf_00003739,3
bf_00004261,3
bf_00005867,3
bf_00026130,3
bf_00017205,3
bf_00022534,3
bf_00004509,3
bf_00025397,3
bf_00015478,3
bf_00012619,3
bf_00007203,3
bf_00005276,3
bf_00014873,3
bf_00022174,3
bf_00020634,3
bf_00000309,3
bf_00010581,3
bf_00002095,3
bf_00019360,3
bf_00004353,3
bf_00010287,3
bf_00003915,3
bf_00006996,3
bf_00024081,3
bf_00014749,3
bf_00024150,3
bf_00017485,3
bf_00003470,3
bf_00012878,3
bf_00014266,3
bf_00001363,3
bf_00018528,3
bf_00002943,3
bf_00016089,3
bf_00009988,3
bf_00014493,3
bf_00006353,3
bf_00001270,3
bf_00011569,3
bf_00010889,3
bf_00000411,3
bf_00011900,3
bf_00010941,3
bf_00024472,3
bf_00003952,3
bf_00022635,3
bf_00023598,3
bf_00000484,3
bf_00020588,3
bf_00010564,3
bf_00013876,3
bf_00014676,3
bf_00002506,3
bf_00017763,3
bf_00008649,3
bf_00005983,3
bf_00023006,3
bf_00009810,3
bf_00011744,3
bf_00025613,3
bf_00023588,3
bf_00011702,3
bf_00005185,3
bf_00019062,3
bf_00017782,3
bf_00012928,3
bf_00001648,3
bf_00017225,3
bf_00016726,3
bf_00003936,3
bf_00008683,3
bf_00019331,3
bf_00016942,3
bf_00024879,3
bf_00006128,3
bf_00014431,3
bf_00006855,3
bf_00004794,3
bf_00022646,3
bf_00006739,3
bf_00000197,3
bf_00013606,3
bf_00002889,3
bf_00010713,3
bf_00003190,3
bf_00020123,3
bf_00022095,3
bf_00025001,3
bf_00011302,3
bf_00025981,3
bf_00014160,3
bf_00009295,3
bf_00002291,3
bf_00001955,3
bf_00024955,3
bf_00024951,3
bf_00026552,3
bf_00013207,3
bf_00002186,3
bf_00022094,3
bf_00020804,3
bf_00008388,3
bf_00000354,3
bf_00012981,3
bf_00009715,3
bf_00015600,3
bf_00009735,3
bf_00019800,3
bf_00017538,3
bf_00009722,3
bf_00010235,3
bf_00018415,3
bf_00021901,3
bf_00007349,3
bf_00024729,3
bf_00011854,3
bf_00002604,3
bf_00000454,3
bf_00006089,3
bf_00008487,3
bf_00008894,3
bf_00008907,3
bf_00007523,3
bf_00024670,3
bf_00007443,3
bf_00003277,3
bf_00021420,3
bf_00005884,3
bf_00018367,3
bf_00000430,3
bf_00006600,3
bf_00009728,3
bf_00011377,3
bf_00013904,3
bf_00023315,3
bf_00005594,3
bf_00008668,3
bf_00005277,3
bf_00014940,3
bf_00014357,3
bf_00013407,3
bf_00014339,3
bf_00001995,3
bf_00007640,3
bf_00018157,3
bf_00012592,3
bf_00002094,3
bf_00008665,3
bf_00024281,3
bf_00016929,3
bf_00011376,3
bf_00026351,3
bf_00024367,3
bf_00004159,3
bf_00006512,3
bf_00002909,3
bf_00003149,3
bf_00023905,3
bf_00022472,3
bf_00022182,3
bf_00018846,3
bf_00013521,3
bf_00002515,3
bf_00005830,3
bf_00008030,3
bf_00007258,3
bf_00020745,3
bf_00010857,3
bf_00014119,3
bf_00002804,3
bf_00021052,3
bf_00002872,3
bf_00013684,3
bf_00005176,3
bf_00012007,3
bf_00026187,3
bf_00019432,3
bf_00024506,3
bf_00003570,3
bf_00016343,3
bf_00004571,3
bf_00014428,3
bf_00025834,3
bf_00013966,3
bf_00015807,3
bf_00008724,3
bf_00013147,3
bf_00018839,3
bf_00014187,3
bf_00008474,3
bf_00006312,3
bf_00006967,3
bf_00001036,3
bf_00026348,3
bf_00022644,3
bf_00018075,3
bf_00006966,3
bf_00013336,3
bf_00019556,3
bf_00003063,3
bf_00024661,3
bf_00022184,3
bf_00024820,3
bf_00006889,3
bf_00008666,3
bf_00001843,3
bf_00020612,3
bf_00018750,3
bf_00002774,3
bf_00004340,3
bf_00020099,3
bf_00024136,3
bf_00017997,3
bf_00002204,3
bf_00019555,3
bf_00024537,3
bf_00025413,3
bf_00007602,3
bf_00023605,3
bf_00011456,3
bf_00017312,3
bf_00006003,3
bf_00005096,3
bf_00022904,3
bf_00001649,3
bf_00012788,3
bf_00010476,3
bf_00012555,3
bf_00002584,3
bf_00007701,3
bf_00026128,3
bf_00005217,3
bf_00014380,3
bf_00022611,3
bf_00016519,3
bf_00013145,3
bf_00006977,3
bf_00020627,3
bf_00002417,3
bf_00023614,3
bf_00004910,3
bf_00017831,3
bf_00005232,3
bf_00024551,3
bf_00001236,3
bf_00007016,3
bf_00021000,3
bf_00014669,3
bf_00002192,3
bf_00024494,3
bf_00012925,3
bf_00010342,3
bf_00014528,3
bf_00015960,3
bf_00000384,3
bf_00023304,3
bf_00003933,3
bf_00024195,3
bf_00006884,3
bf_00002856,3
bf_00017605,3
bf_00011579,3
bf_00010310,3
bf_00008407,3
bf_00020628,3
bf_00006035,3
bf_00017654,3
bf_00024736,3
bf_00025087,3
bf_00000974,3
bf_00007219,3
bf_00013029,3
bf_00005411,3
bf_00005515,3
bf_00019159,3
bf_00025676,3
bf_00006334,3
bf_00013298,3
bf_00022878,3
bf_00026430,3
bf_00024356,3
bf_00013444,3
bf_00024469,3
bf_00000938,3
bf_00002121,3
bf_00017567,3
bf_00014422,3
bf_00007739,3
bf_00008820,3
bf_00015682,3
bf_00011545,3
bf_00015742,3
bf_00005465,3
bf_00025890,3
bf_00016025,3
bf_00010083,3
bf_00004426,3
bf_00003070,3
bf_00021840,3
bf_00004063,3
bf_00011524,3
bf_00023288,3
bf_00003721,3
bf_00023738,3
bf_00010138,3
bf_00005213,3
bf_00003054,3
bf_00024485,3
bf_00008436,3
bf_00018122,3
bf_00010230,3
bf_00017190,3
bf_00017237,3
bf_00007230,3
bf_00003681,3
bf_00022620,3
bf_00005398,3
bf_00016173,3
bf_00000636,3
bf_00013135,3
bf_00003646,3
bf_00001993,3
bf_00019763,3
bf_00001053,3
bf_00004731,3
bf_00016803,3
bf_00007454,3
bf_00006004,3
bf_00005114,3
bf_00001715,3
bf_00014435,3
bf_00021735,3
bf_00006296,3
bf_00005909,3
bf_00023534,3
bf_00018630,3
bf_00022539,3
bf_00009717,3
bf_00008743,3
bf_00000328,3
bf_00018778,3
bf_00000944,3
bf_00010793,3
bf_00008437,3
bf_00004209,3
bf_00008086,3
bf_00007775,3
bf_00004572,3
bf_00002619,3
bf_00011291,3
bf_00018416,3
bf_00018526,3
bf_00012598,3
bf_00001251,3
bf_00002953,3
bf_00021066,3
bf_00001697,3
bf_00011208,3
bf_00008452,3
bf_00012174,3
bf_00025993,3
bf_00018073,3
bf_00003048,3
bf_00022163,3
bf_00023376,3
bf_00016986,3
bf_00017011,3
bf_00016474,3
bf_00009346,3
bf_00014434,3
bf_00006056,3
bf_00009959,3
bf_00022087,3
bf_00009122,3
bf_00013331,3
bf_00019022,3
bf_00005118,3
bf_00024881,3
bf_00011720,3
bf_00024554,3
bf_00022941,3
bf_00009908,3
bf_00026094,3
bf_00005430,3
bf_00000747,3
bf_00022112,3
bf_00005156,3
bf_00007743,3
bf_00021656,3
bf_00018719,3
bf_00000927,3
bf_00016140,3
bf_00000856,3
bf_00021865,3
bf_00000760,3
bf_00002632,3
bf_00020751,3
bf_00004709,3
bf_00023866,3
bf_00007540,3
bf_00011091,3
bf_00006155,3
bf_00017405,3
bf_00003454,3
bf_00015684,3
bf_00016152,3
bf_00020802,3
bf_00002949,3
bf_00004582,3
bf_00023183,3
bf_00013230,3
bf_00014734,3
bf_00004386,3
bf_00021328,3
bf_00001987,3
bf_00007028,3
bf_00002526,3
bf_00007420,3
bf_00022774,3
bf_00007727,2
bf_00012120,2
bf_00012238,2
bf_00010432,2
bf_00003281,2
bf_00020664,2
bf_00015488,2
bf_00018777,2
bf_00000960,2
bf_00001130,2
bf_00008347,2
bf_00023853,2
bf_00017388,2
bf_00006224,2
bf_00024277,2
bf_00006459,2
bf_00022983,2
bf_00020344,2
bf_00025820,2
bf_00011212,2
bf_00000030,2
bf_00008166,2
bf_00020863,2
bf_00008461,2
bf_00021070,2
bf_00008366,2
bf_00015854,2
bf_00012155,2
bf_00000503,2
bf_00014712,2
bf_00006428,2
bf_00023890,2
bf_00022886,2
bf_00000340,2
bf_00023501,2
bf_00013442,2
bf_00013177,2
bf_00002809,2
bf_00012942,2
bf_00004008,2
bf_00011952,2
bf_00006157,2
bf_00005774,2
bf_00025326,2
bf_00025171,2
bf_00013258,2
bf_00004532,2
bf_00003148,2
bf_00002233,2
bf_00020501,2
bf_00024223,2
bf_00002689,2
bf_00015233,2
bf_00004179,2
bf_00023192,2
bf_00013139,2
bf_00017551,2
bf_00000023,2
bf_00000573,2
bf_00006356,2
bf_00018285,2
bf_00024184,2
bf_00011922,2
bf_00002109,2
bf_00000132,2
bf_00021729,2
bf_00010075,2
bf_00020400,2
bf_00011073,2
bf_00015124,2
bf_00011108,2
bf_00000914,2
bf_00008546,2
bf_00020543,2
bf_00013678,2
bf_00000594,2
bf_00010725,2
bf_00011179,2
bf_00004026,2
bf_00015917,2
bf_00006137,2
bf_00008878,2
bf_00022173,2
bf_00017044,2
bf_00012035,2
bf_00002450,2
bf_00002089,2
bf_00005394,2
bf_00008971,2
bf_00023068,2
bf_00015877,2
bf_00007412,2
bf_00013150,2
bf_00013012,2
bf_00024043,2
bf_00018773,2
bf_00013766,2
bf_00002814,2
bf_00007266,2
bf_00024759,2
bf_00024883,2
bf_00000776,2
bf_00025008,2
bf_00011949,2
bf_00021240,2
bf_00023572,2
bf_00023111,2
bf_00014642,2
bf_00008707,2
bf_00008700,2
bf_00004087,2
bf_00013611,2
bf_00014709,2
bf_00019355,2
bf_00015733,2
bf_00015618,2
bf_00017952,2
bf_00024504,2
bf_00014568,2
bf_00025184,2
bf_00001923,2
bf_00000692,2
bf_00019679,2
bf_00006936,2
bf_00010363,2
bf_00001302,2
bf_00006025,2
bf_00005777,2
bf_00005902,2
bf_00025023,2
bf_00000613,2
bf_00018840,2
bf_00007735,2
bf_00007093,2
bf_00015345,2
bf_00020757,2
bf_00001904,2
bf_00010116,2
bf_00012132,2
bf_00007068,2
bf_00019640,2
bf_00020922,2
bf_00021417,2
bf_00004107,2
bf_00009500,2
bf_00005506,2
bf_00010412,2
bf_00005377,2
bf_00016455,2
bf_00016338,2
bf_00006911,2
bf_00007075,2
bf_00004759,2
bf_00013156,2
bf_00012144,2
bf_00004691,2
bf_00009448,2
bf_00014366,2
bf_00004885,2
bf_00015398,2
bf_00013109,2
bf_00000492,2
bf_00000987,2
bf_00003375,2
bf_00010755,2
bf_00011808,2
bf_00005024,2
bf_00023005,2
bf_00015904,2
bf_00026454,2
bf_00014059,2
bf_00024065,2
bf_00020772,2
bf_00020924,2
bf_00016138,2
bf_00024892,2
bf_00019725,2
bf_00005045,2
bf_00023969,2
bf_00025626,2
bf_00013451,2
bf_00001156,2
bf_00019806,2
bf_00013933,2
bf_00025128,2
bf_00020024,2
bf_00013619,2
bf_00016897,2
bf_00008078,2
bf_00002590,2
bf_00002832,2
bf_00013681,2
bf_00004220,2
bf_00014589,2
bf_00012514,2
bf_00000243,2
bf_00023454,2
bf_00015376,2
bf_00024956,2
bf_00021846,2
bf_00022801,2
bf_00005240,2
bf_00011323,2
bf_00010493,2
bf_00021722,2
bf_00007004,2
bf_00018158,2
bf_00004664,2
bf_00017562,2
bf_00019214,2
bf_00001676,2
bf_00021413,2
bf_00013953,2
bf_00000302,2
bf_00024168,2
bf_00008263,2
bf_00024667,2
bf_00021374,2
bf_00007753,2
bf_00018541,2
bf_00024735,2
bf_00013222,2
bf_00017094,2
bf_00023915,2
bf_00024979,2
bf_00020342,2
bf_00008822,2
bf_00001043,2
bf_00006821,2
bf_00010125,2
bf_00008572,2
bf_00010423,2
bf_00006053,2
bf_00002130,2
bf_00014845,2
bf_00017978,2
bf_00025929,2
bf_00018034,2
bf_00003180,2
bf_00014657,2
bf_00015165,2
bf_00022762,2
bf_00021841,2
bf_00018257,2
bf_00011964,2
bf_00011649,2
bf_00014827,2
bf_00022945,2
bf_00000248,2
bf_00016622,2
bf_00000542,2
bf_00000624,2
bf_00017852,2
bf_00006712,2
bf_00016559,2
bf_00022667,2
bf_00023272,2
bf_00016037,2
bf_00004401,2
bf_00019938,2
bf_00010041,2
bf_00020113,2
bf_00019503,2
bf_00003205,2
bf_00012963,2
bf_00007673,2
bf_00012796,2
bf_00026124,2
bf_00018066,2
bf_00005629,2
bf_00006191,2
bf_00007964,2
bf_00008010,2
bf_00007672,2
bf_00006751,2
bf_00026125,2
bf_00004219,2
bf_00021660,2
bf_00020173,2
bf_00002665,2
bf_00011215,2
bf_00018990,2
bf_00018854,2
bf_00012840,2
bf_00011152,2
bf_00001611,2
bf_00025085,2
bf_00017326,2
bf_00006254,2
bf_00016987,2
bf_00008434,2
bf_00016056,2
bf_00004275,2
bf_00004681,2
bf_00019753,2
bf_00024436,2
bf_00008268,2
bf_00025280,2
bf_00002798,2
bf_00024715,2
bf_00001792,2
bf_00017975,2
bf_00008744,2
bf_00021818,2
bf_00001508,2
bf_00002429,2
bf_00020977,2
bf_00017003,2
bf_00023554,2
bf_00004844,2
bf_00016835,2
bf_00017947,2
bf_00018381,2
bf_00022265,2
bf_00021077,2
bf_00010174,2
bf_00012459,2
bf_00019143,2
bf_00015083,2
bf_00012943,2
bf_00018241,2
bf_00003648,2
bf_00014477,2
bf_00003069,2
bf_00026385,2
bf_00020630,2
bf_00025380,2
bf_00010928,2
bf_00001920,2
bf_00009778,2
bf_00012850,2
bf_00023972,2
bf_00002821,2
bf_00023163,2
bf_00021245,2
bf_00012911,2
bf_00019734,2
bf_00021036,2
bf_00014792,2
bf_00021421,2
bf_00013056,2
bf_00001248,2
bf_00023963,2
bf_00000946,2
bf_00020680,2
bf_00023975,2
bf_00003257,2
bf_00003288,2
bf_00011392,2
bf_00013159,2
bf_00023363,2
bf_00013278,2
bf_00016508,2
bf_00013601,2
bf_00018018,2
bf_00002495,2
bf_00004342,2
bf_00004829,2
bf_00008696,2
bf_00009772,2
bf_00011697,2
bf_00013992,2
bf_00011896,2
bf_00022312,2
bf_00014739,2
bf_00018372,2
bf_00002629,2
bf_00001515,2
bf_00018881,2
bf_00007249,2
bf_00020616,2
bf_00001035,2
bf_00001796,2
bf_00016352,2
bf_00022775,2
bf_00004580,2
bf_00001918,2
bf_00012847,2
bf_00001359,2
bf_00019833,2
bf_00026170,2
bf_00015529,2
bf_00022656,2
bf_00001031,2
bf_00012420,2
bf_00012349,2
bf_00015759,2
bf_00016206,2
bf_00009659,2
bf_00000504,2
bf_00017470,2
bf_00020495,2
bf_00002556,2
bf_00001656,2
bf_00017121,2
bf_00008776,2
bf_00024659,2
bf_00000315,2
bf_00005693,2
bf_00017800,2
bf_00002157,2
bf_00015789,2
bf_00011619,2
bf_00002991,2
bf_00010486,2
bf_00014954,2
bf_00012945,2
bf_00021210,2
bf_00026308,2
bf_00001230,2
bf_00004793,2
bf_00007918,2
bf_00004581,2
bf_00018197,2
bf_00010470,2
bf_00004028,2
bf_00001644,2
bf_00013327,2
bf_00003086,2
bf_00006322,2
bf_00002601,2
bf_00003981,2
bf_00009872,2
bf_00015357,2
bf_00017913,2
bf_00009298,2
bf_00024254,2
bf_00014858,2
bf_00022830,2
bf_00019457,2
bf_00019782,2
bf_00023327,2
bf_00003324,2
bf_00018571,2
bf_00006832,2
bf_00004460,2
bf_00019980,2
bf_00008351,2
bf_00003877,2
bf_00008840,2
bf_00003808,2
bf_00006359,2
bf_00019223,2
bf_00024379,2
bf_00009329,2
bf_00026179,2
bf_00009066,2
bf_00008303,2
bf_00017937,2
bf_00021832,2
bf_00024158,2
bf_00006417,2
bf_00013318,2
bf_00013844,2
bf_00021647,2
bf_00002529,2
bf_00013309,2
bf_00018926,2
bf_00026119,2
bf_00005613,2
bf_00013810,2
bf_00013248,2
bf_00006824,2
bf_00012846,2
bf_00016539,2
bf_00013413,2
bf_00019645,2
bf_00014571,2
bf_00016300,2
bf_00000456,2
bf_00023317,2
bf_00019104,2
bf_00025870,2
bf_00013624,2
bf_00015406,2
bf_00002609,2
bf_00023722,2
bf_00002099,2
bf_00011484,2
bf_00008733,2
bf_00006857,2
bf_00000867,2
bf_00025396,2
bf_00000274,2
bf_00005534,2
bf_00003795,2
bf_00010819,2
bf_00001678,2
bf_00012757,2
bf_00024507,2
bf_00003494,2
bf_00009518,2
bf_00012175,2
bf_00014367,2
bf_00021023,2
bf_00000035,2
bf_00023895,2
bf_00021592,2
bf_00008991,2
bf_00021746,2
bf_00022871,2
bf_00004871,2
bf_00005184,2
bf_00004655,2
bf_00004183,2
bf_00016126,2
bf_00024613,2
bf_00009699,2
bf_00014363,2
bf_00006452,2
bf_00020619,2
bf_00022848,2
bf_00002895,2
bf_00014846,2
bf_00002815,2
bf_00011389,2
bf_00006127,2
bf_00022128,2
bf_00003749,2
bf_00008267,2
bf_00021911,2
bf_00019712,2
bf_00014730,2
bf_00016330,2
bf_00014678,2
bf_00017849,2
bf_00000562,2
bf_00008151,2
bf_00003641,2
bf_00020128,2
bf_00024474,2
bf_00001311,2
bf_00017425,2
bf_00015308,2
bf_00004359,2
bf_00010415,2
bf_00005237,2
bf_00005214,2
bf_00013830,2
bf_00010374,2
bf_00000203,2
bf_00012621,2
bf_00008048,2
bf_00021912,2
bf_00000966,2
bf_00000626,2
bf_00010110,2
bf_00010510,2
bf_00005825,2
bf_00001773,2
bf_00004745,2
bf_00002741,2
bf_00014463,2
bf_00010357,2
bf_00003182,2
bf_00002498,2
bf_00025346,2
bf_00004666,2
bf_00002936,2
bf_00012247,2
bf_00000279,2
bf_00020975,2
bf_00005956,2
bf_00006750,2
bf_00003362,2
bf_00001768,2
bf_00000664,2
bf_00022874,2
bf_00004883,2
bf_00024957,2
bf_00016787,2
bf_00023871,2
bf_00000180,2
bf_00021361,2
bf_00007848,2
bf_00015432,2
bf_00003334,2
bf_00009155,2
bf_00010312,2
bf_00016672,2
bf_00005272,2
bf_00011615,2
bf_00009985,2
bf_00016133,2
bf_00011729,2
bf_00008446,2
bf_00015697,2
bf_00003638,2
bf_00012274,2
bf_00018436,2
bf_00020130,2
bf_00018170,2
bf_00004573,2
bf_00006960,2
bf_00002028,2
bf_00023945,2
bf_00026044,2
bf_00006641,2
bf_00001168,2
bf_00022240,2
bf_00010011,2
bf_00014340,2
bf_00026096,2
bf_00013067,2
bf_00005535,2
bf_00015706,2
bf_00003169,2
bf_00023848,2
bf_00025900,2
bf_00017144,2
bf_00012148,2
bf_00009569,2
bf_00026554,2
bf_00008334,2
bf_00018318,2
bf_00020856,2
bf_00003876,2
bf_00018002,2
bf_00005625,2
bf_00004970,2
bf_00003127,2
bf_00016303,2
bf_00016850,2
bf_00021208,2
bf_00018636,2
bf_00005267,2
bf_00025895,2
bf_00003914,2
bf_00015370,2
bf_00010031,2
bf_00006970,2
bf_00019747,2
bf_00000355,2
bf_00024585,2
bf_00025938,2
bf_00008342,2
bf_00008080,2
bf_00001672,2
bf_00011213,2
bf_00010898,2
bf_00023958,2
bf_00000127,2
bf_00008277,2
bf_00001915,2
bf_00005444,2
bf_00008127,2
bf_00016311,2
bf_00014900,2
bf_00013396,2
bf_00004355,2
bf_00012815,2
bf_00025990,2
bf_00008975,2
bf_00002616,2
bf_00013219,2
bf_00006952,2
bf_00003689,2
bf_00016060,2
bf_00026210,2
bf_00008057,2
bf_00007712,2
bf_00024366,2
bf_00012920,2
bf_00000962,2
bf_00003013,2
bf_00015404,2
bf_00002022,2
bf_00015188,2
bf_00006217,2
bf_00022081,2
bf_00010565,2
bf_00003445,2
bf_00012913,2
bf_00003985,2
bf_00011780,2
bf_00017088,2
bf_00006434,2
bf_00005891,2
bf_00023687,2
bf_00018525,2
bf_00019042,2
bf_00008400,2
bf_00018338,2
bf_00019216,2
bf_00011206,2
bf_00011338,2
bf_00015322,2
bf_00012882,2
bf_00020244,2
bf_00005220,2
bf_00019538,2
bf_00006160,2
bf_00013610,2
bf_00000837,2
bf_00020114,2
bf_00015314,2
bf_00008834,2
bf_00000269,2
bf_00014953,2
bf_00019262,2
bf_00012789,2
bf_00014595,2
bf_00023054,2
bf_00023949,2
bf_00023976,2
bf_00020873,2
bf_00001360,2
bf_00020690,2
bf_00008949,2
bf_00015161,2
bf_00022655,2
bf_00010175,2
bf_00019498,2
bf_00006601,2
bf_00011214,2
bf_00010361,2
bf_00026570,2
bf_00009730,2
bf_00013046,2
bf_00026579,2
bf_00017240,2
bf_00024673,2
bf_00015849,2
bf_00000688,2
bf_00017142,2
bf_00026414,2
bf_00000335,2
bf_00011224,2
bf_00004678,2
bf_00010837,2
bf_00004462,2
bf_00017008,2
bf_00014487,2
bf_00001772,2
bf_00009752,2
bf_00005229,2
bf_00021939,2
bf_00022580,2
bf_00012916,2
bf_00002592,2
bf_00010413,2
bf_00002934,2
bf_00018774,2
bf_00005729,2
bf_00002295,2
bf_00008718,2
bf_00001800,2
bf_00011908,2
bf_00003382,2
bf_00013204,2
bf_00019755,2
bf_00010030,2
bf_00014633,2
bf_00007563,2
bf_00017918,2
bf_00011763,2
bf_00003252,2
bf_00002799,2
bf_00016891,2
bf_00016806,2
bf_00022637,2
bf_00012310,2
bf_00013317,2
bf_00018051,2
bf_00007416,2
bf_00010912,2
bf_00021936,2
bf_00004645,2
bf_00014715,2
bf_00005530,2
bf_00011924,2
bf_00026148,2
bf_00008581,2
bf_00016120,2
bf_00021364,2
bf_00012989,2
bf_00016820,2
bf_00014285,2
bf_00012347,2
bf_00004601,2
bf_00003477,2
bf_00017431,2
bf_00000026,2
bf_00025329,2
bf_00013118,2
bf_00011885,2
bf_00017452,2
bf_00008661,2
bf_00021207,2
bf_00021708,2
bf_00009998,2
bf_00011684,2
bf_00016305,2
bf_00000865,2
bf_00004243,2
bf_00004351,2
bf_00019749,2
bf_00012234,2
bf_00010261,2
bf_00010143,2
bf_00020348,2
bf_00017151,2
bf_00003746,2
bf_00001519,2
bf_00024465,2
bf_00024132,2
bf_00019841,2
bf_00017333,2
bf_00000703,2
bf_00024508,2
bf_00009108,2
bf_00004357,2
bf_00013184,2
bf_00004048,2
bf_00003610,2
bf_00014718,2
bf_00014795,2
bf_00002618,2
bf_00022968,2
bf_00016805,2
bf_00000814,2
bf_00017076,2
bf_00006399,2
bf_00009492,2
bf_00025835,2
bf_00020556,2
bf_00020909,2
bf_00019666,2
bf_00017908,2
bf_00009927,2
bf_00008462,2
bf_00014902,2
bf_00018735,2
bf_00018433,2
bf_00003163,2
bf_00001216,2
bf_00002793,2
bf_00014784,2
bf_00000696,2
bf_00012756,2
bf_00016833,2
bf_00000535,2
bf_00020652,2
bf_00000405,2
bf_00016145,2
bf_00002881,2
bf_00010554,2
bf_00008662,2
bf_00006497,2
bf_00018123,2
bf_00026057,2
bf_00002092,2
bf_00001833,2
bf_00005302,2
bf_00000796,2
bf_00017349,2
bf_00013759,2
bf_00019948,2
bf_00000318,2
bf_00021764,2
bf_00017879,2
bf_00021605,2
bf_00001629,2
bf_00019160,2
bf_00008928,2
bf_00020969,2
bf_00024441,2
bf_00025057,2
bf_00003402,2
bf_00026549,2
bf_00010573,2
bf_00010063,2
bf_00002850,2
bf_00010434,2
bf_00022513,2
bf_00016640,2
bf_00010838,2
bf_00004490,2
bf_00005768,2
bf_00008803,2
bf_00017464,2
bf_00013076,2
bf_00019186,2
bf_00022314,2
bf_00017540,2
bf_00017310,2
bf_00019182,2
bf_00013316,2
bf_00014848,2
bf_00014307,2
bf_00023794,2
bf_00012265,2
bf_00008399,2
bf_00005149,2
bf_00010766,2
bf_00003332,2
bf_00004021,2
bf_00017563,2
bf_00026181,2
bf_00021094,2
bf_00003797,2
bf_00025806,2
bf_00018842,2
bf_00022193,2
bf_00015883,2
bf_00021214,2
bf_00008075,2
bf_00000383,2
bf_00002534,2
bf_00023179,2
bf_00013120,2
bf_00014456,2
bf_00025259,2
bf_00014472,2
bf_00017187,2
bf_00024882,2
bf_00024105,2
bf_00009517,2
bf_00026018,2
bf_00007797,2
bf_00010006,2
bf_00017189,2
bf_00018406,2
bf_00019453,2
bf_00007273,2
bf_00000202,2
bf_00011203,2
bf_00023180,2
bf_00017013,2
bf_00020343,2
bf_00014265,2
bf_00009801,2
bf_00012053,2
bf_00006478,2
bf_00012003,2
bf_00015489,2
bf_00000632,2
bf_00001924,2
bf_00015870,2
bf_00025275,2
bf_00005349,2
bf_00002424,2
bf_00004533,2
bf_00024920,2
bf_00026445,2
bf_00022208,2
bf_00020132,2
bf_00019125,2
bf_00010840,2
bf_00025917,2
bf_00001237,2
bf_00018649,2
bf_00012694,2
bf_00011441,2
bf_00009297,2
bf_00013141,2
bf_00008544,2
bf_00022455,2
bf_00018962,2
bf_00008626,2
bf_00025763,2
bf_00020020,2
bf_00010373,2
bf_00017410,2
bf_00009184,2
bf_00009637,2
bf_00024597,2
bf_00019317,2
bf_00015559,2
bf_00012457,2
bf_00008412,2
bf_00004711,2
bf_00000735,1
bf_00009623,1
bf_00008157,1
bf_00001601,1
bf_00025673,1
bf_00015483,1
bf_00023073,1
bf_00024265,1
bf_00024442,1
bf_00009314,1
bf_00025512,1
bf_00008229,1
bf_00015729,1
bf_00013025,1
bf_00007588,1
bf_00007404,1
bf_00013605,1
bf_00019079,1
bf_00014033,1
bf_00026242,1
bf_00016729,1
bf_00001597,1
bf_00005795,1
bf_00015163,1
bf_00017122,1
bf_00016565,1
bf_00015620,1
bf_00019533,1
bf_00017386,1
bf_00004705,1
bf_00012951,1
bf_00014153,1
bf_00011856,1
bf_00013750,1
bf_00004632,1
bf_00006455,1
bf_00021451,1
bf_00010003,1
bf_00009661,1
bf_00015985,1
bf_00004929,1
bf_00024056,1
bf_00011220,1
bf_00009640,1
bf_00012506,1
bf_00004452,1
bf_00003177,1
bf_00003395,1
bf_00015678,1
bf_00009678,1
bf_00026557,1
bf_00021903,1
bf_00001789,1
bf_00014525,1
bf_00002852,1
bf_00015319,1
bf_00010119,1
bf_00022305,1
bf_00008338,1
bf_00017411,1
bf_00026248,1
bf_00007509,1
bf_00008832,1
bf_00001300,1
bf_00013031,1
bf_00017986,1
bf_00003227,1
bf_00026189,1
bf_00020758,1
bf_00005737,1
bf_00015378,1
bf_00000831,1
bf_00015047,1
bf_00025415,1
bf_00012244,1
bf_00018487,1
bf_00001118,1
bf_00018826,1
bf_00017511,1
bf_00015993,1
bf_00019902,1
bf_00013441,1
bf_00000860,1
bf_00026401,1
bf_00016863,1
bf_00001674,1
bf_00002751,1
bf_00006613,1
bf_00007405,1
bf_00023943,1
bf_00026469,1
bf_00009413,1
bf_00016734,1
bf_00015677,1
bf_00010001,1
bf_00017475,1
bf_00002739,1
bf_00018319,1
bf_00003597,1
bf_00002205,1
bf_00001617,1
bf_00008024,1
bf_00014344,1
bf_00004081,1
bf_00022042,1
bf_00016034,1
bf_00005400,1
bf_00009491,1
bf_00025818,1
bf_00015920,1
bf_00005692,1
bf_00021631,1
bf_00024288,1
bf_00005440,1
bf_00022499,1
bf_00022902,1
bf_00014600,1
bf_00025037,1
bf_00008652,1
bf_00000264,1
bf_00016021,1
bf_00019475,1
bf_00009144,1
bf_00005256,1
bf_00009737,1
bf_00008734,1
bf_00003478,1
bf_00019213,1
bf_00000926,1
bf_00005934,1
bf_00014489,1
bf_00017719,1
bf_00016932,1
bf_00010396,1
bf_00011815,1
bf_00026263,1
bf_00024852,1
bf_00015479,1
bf_00002537,1
bf_00011553,1
bf_00015730,1
bf_00011449,1
bf_00019138,1
bf_00000076,1
bf_00013152,1
bf_00014053,1
bf_00008899,1
bf_00017287,1
bf_00003029,1
bf_00017082,1
bf_00012000,1
bf_00022126,1
bf_00012131,1
bf_00005412,1
bf_00013003,1
bf_00016150,1
bf_00016921,1
bf_00012915,1
bf_00014009,1
bf_00005226,1
bf_00015635,1
bf_00000937,1
bf_00008857,1
bf_00020461,1
bf_00004881,1
bf_00026117,1
bf_00000601,1
bf_00018205,1
bf_00003406,1
bf_00023305,1
bf_00014538,1
bf_00016495,1
bf_00014368,1
bf_00004368,1
bf_00025670,1
bf_00013644,1
bf_00026054,1
bf_00002444,1
bf_00003325,1
bf_00023962,1
bf_00004375,1
bf_00024113,1
bf_00020865,1
bf_00015693,1
bf_00019394,1
bf_00022982,1
bf_00013249,1
bf_00018503,1
bf_00002599,1
bf_00015148,1
bf_00000560,1
bf_00013768,1
bf_00020710,1
bf_00005588,1
bf_00018021,1
bf_00006358,1
bf_00019052,1
bf_00016810,1
bf_00022443,1
bf_00003401,1
bf_00008265,1
bf_00016943,1
bf_00003262,1
bf_00023647,1
bf_00009357,1
bf_00025091,1
bf_00022467,1
bf_00013682,1
bf_00000473,1
bf_00004445,1
bf_00012028,1
bf_00000278,1
bf_00024095,1
bf_00006181,1
bf_00002925,1
bf_00008920,1
bf_00014205,1
bf_00011742,1
bf_00008102,1
bf_00006771,1
bf_00003857,1
bf_00010002,1
bf_00010761,1
bf_00023573,1
bf_00024877,1
bf_00001299,1
bf_00023617,1
bf_00018195,1
bf_00020574,1
bf_00001948,1
bf_00020507,1
bf_00011894,1
bf_00009902,1
bf_00016064,1
bf_00015675,1
bf_00015224,1
bf_00022237,1
bf_00009664,1
bf_00002122,1
bf_00017791,1
bf_00003242,1
bf_00017701,1
bf_00020648,1
bf_00020022,1
bf_00016158,1
bf_00009634,1
bf_00024697,1
bf_00010490,1
bf_00005691,1
bf_00007909,1
bf_00004702,1
bf_00008806,1
bf_00002913,1
bf_00017871,1
bf_00006250,1
bf_00000868,1
bf_00010311,1
bf_00026346,1
bf_00009418,1
bf_00016507,1
bf_00024189,1
bf_00005561,1
bf_00002744,1
bf_00016333,1
bf_00006305,1
bf_00010475,1
bf_00011230,1
bf_00019485,1
bf_00008488,1
bf_00023193,1
bf_00008001,1
bf_00000582,1
bf_00009568,1
bf_00005621,1
bf_00011587,1
bf_00003450,1
bf_00001335,1
bf_00004636,1
bf_00021345,1
bf_00025077,1
bf_00006993,1
bf_00019210,1
bf_00007825,1
bf_00001941,1
bf_00009062,1
bf_00015315,1
bf_00017651,1
bf_00020026,1
bf_00023191,1
bf_00004206,1
bf_00001021,1
bf_00004673,1
bf_00023914,1
bf_00006420,1
bf_00017206,1
bf_00024047,1
bf_00000171,1
bf_00012792,1
bf_00008363,1
bf_00021133,1
bf_00011652,1
bf_00022303,1
bf_00022228,1
bf_00010313,1
bf_00014377,1
bf_00015997,1
bf_00005253,1
bf_00024186,1
bf_00017056,1
bf_00012904,1
bf_00011580,1
bf_00013303,1
bf_00023019,1
bf_00004094,1
bf_00006142,1
bf_00023724,1
bf_00009002,1
bf_00005122,1
bf_00021022,1
bf_00004499,1
bf_00024641,1
bf_00008092,1
bf_00021401,1
bf_00005869,1
bf_00000041,1
bf_00021116,1
bf_00020669,1
bf_00001186,1
bf_00015153,1
bf_00001781,1
bf_00015516,1
bf_00019463,1
bf_00002408,1
bf_00009838,1
bf_00006076,1
bf_00012270,1
bf_00019543,1
bf_00007505,1
bf_00010404,1
bf_00019682,1
bf_00001227,1
bf_00006404,1
bf_00021574,1
bf_00024918,1
bf_00005123,1
bf_00000933,1
bf_00024982,1
bf_00015977,1
bf_00005865,1
bf_00010040,1
bf_00023664,1
bf_00002299,1
bf_00004846,1
bf_00006755,1
bf_00016349,1
bf_00023094,1
bf_00012832,1
bf_00018986,1
bf_00008421,1
bf_00000182,1
bf_00004233,1
bf_00011612,1
bf_00019447,1
bf_00002223,1
bf_00008025,1
bf_00019408,1
bf_00001795,1
bf_00019158,1
bf_00004689,1
bf_00008535,1
bf_00001903,1
bf_00013064,1
bf_00007764,1
bf_00015369,1
bf_00016619,1
bf_00006460,1
bf_00017000,1
bf_00023834,1
bf_00017872,1
bf_00010851,1
bf_00014218,1
bf_00021156,1
bf_00016211,1
bf_00022724,1
bf_00012235,1
bf_00009856,1
bf_00017968,1
bf_00003577,1
bf_00002693,1
bf_00017725,1
bf_00021268,1
bf_00019711,1
bf_00019340,1
bf_00019413,1
bf_00015558,1
bf_00015521,1
bf_00017322,1
bf_00024054,1
bf_00008138,1
bf_00005039,1
bf_00009275,1
bf_00015505,1
bf_00013266,1
bf_00003472,1
bf_00014514,1
bf_00008213,1
bf_00011180,1
bf_00011381,1
bf_00022134,1
bf_00009837,1
bf_00005890,1
bf_00025612,1
bf_00019473,1
bf_00014673,1
bf_00001259,1
bf_00008584,1
bf_00024908,1
bf_00010551,1
bf_00007160,1
bf_00000399,1
bf_00024271,1
bf_00006786,1
bf_00004644,1
bf_00012837,1
bf_00000190,1
bf_00000954,1
bf_00014369,1
bf_00008484,1
bf_00014662,1
bf_00021065,1
bf_00016913,1
bf_00020895,1
bf_00002155,1
bf_00011418,1
bf_00000439,1
bf_00021577,1
bf_00002323,1
bf_00000625,1
bf_00012230,1
bf_00008585,1
bf_00007206,1
bf_00006697,1
bf_00022044,1
bf_00014225,1
bf_00001831,1
bf_00005498,1
bf_00001193,1
bf_00002727,1
bf_00011341,1
bf_00019480,1
bf_00011090,1
bf_00006400,1
bf_00000862,1
bf_00008898,1
bf_00013653,1
bf_00000167,1
bf_00022219,1
bf_00008819,1
bf_00002651,1
bf_00010180,1
bf_00024722,1
bf_00026265,1
bf_00007716,1
bf_00025826,1
bf_00015004,1
bf_00008064,1
bf_00023879,1
bf_00000280,1
bf_00013829,1
bf_00004618,1
bf_00008041,1
bf_00011503,1
bf_00003264,1
bf_00015634,1
bf_00005204,1
bf_00005061,1
bf_00008340,1
bf_00019217,1
bf_00022074,1
bf_00022954,1
bf_00001836,1
bf_00007023,1
bf_00012896,1
bf_00017732,1
bf_00008467,1
bf_00010121,1
bf_00017739,1
bf_00006012,1
bf_00017367,1
bf_00011911,1
bf_00008150,1
bf_00008258,1
bf_00001669,1
bf_00014870,1
bf_00021808,1
bf_00012814,1
bf_00000508,1
bf_00016469,1
bf_00010426,1
bf_00015895,1
bf_00019387,1
bf_00023823,1
bf_00018656,1
bf_00008336,1
bf_00026035,1
bf_00009992,1
bf_00009498,1
bf_00022414,1
bf_00020410,1
bf_00002407,1
bf_00007679,1
bf_00003867,1
bf_00012628,1
bf_00004767,1
bf_00019817,1
bf_00000563,1
bf_00024153,1
bf_00012086,1
bf_00009868,1
bf_00015043,1
bf_00025117,1
bf_00022242,1
bf_00016813,1
bf_00022827,1
bf_00022102,1
bf_00009647,1
bf_00025532,1
bf_00024109,1
bf_00019840,1
bf_00017996,1
bf_00009695,1
bf_00015316,1
bf_00020880,1
bf_00007439,1
bf_00000428,1
bf_00011968,1
bf_00021598,1
bf_00007725,1
bf_00015973,1
bf_00014898,1
bf_00015986,1
bf_00017328,1
bf_00007793,1
bf_00016624,1
bf_00000348,1
bf_00007177,1
bf_00017230,1
bf_00014769,1
bf_00018175,1
bf_00024479,1
bf_00002001,1
bf_00007111,1
bf_00004729,1
bf_00000147,1
bf_00004121,1
bf_00005002,1
bf_00020711,1
bf_00018808,1
bf_00008831,1
bf_00010070,1
bf_00009368,1
bf_00015531,1
bf_00017807,1
bf_00011664,1
bf_00013390,1
bf_00002671,1
bf_00023168,1
bf_00012554,1
bf_00010892,1
bf_00021781,1
bf_00007686,1
bf_00020424,1
bf_00023298,1
bf_00017407,1
bf_00021484,1
bf_00009477,1
bf_00024304,1
bf_00013988,1
bf_00023838,1
bf_00017266,1
bf_00014135,1
bf_00022694,1
bf_00024794,1
bf_00017185,1
bf_00002641,1
bf_00019629,1
bf_00001070,1
bf_00024050,1
bf_00018879,1
bf_00001815,1
bf_00015898,1
bf_00019506,1
bf_00000596,1
bf_00001780,1
bf_00020471,1
bf_00010046,1
bf_00020976,1
bf_00021092,1
bf_00021608,1
bf_00004488,1
bf_00026157,1
bf_00006709,1
bf_00011476,1
bf_00025069,1
bf_00012727,1
bf_00008287,1
bf_00012720,1
bf_00007467,1
bf_00023878,1
bf_00009899,1
bf_00011544,1
bf_00013157,1
bf_00018648,1
bf_00007252,1
bf_00007850,1
bf_00018485,1
bf_00017171,1
bf_00012249,1
bf_00024952,1
bf_00010092,1
bf_00010114,1
bf_00002227,1
bf_00015660,1
bf_00021790,1
bf_00004983,1
bf_00018787,1
bf_00008686,1
bf_00014754,1
bf_00023270,1
bf_00002168,1
bf_00015711,1
bf_00013128,1
bf_00024868,1
bf_00001100,1
bf_00022839,1
bf_00010553,1
bf_00023805,1
bf_00022879,1
bf_00017256,1
bf_00003885,1
bf_00007246,1
bf_00012149,1
bf_00002888,1
bf_00016821,1
bf_00024649,1
bf_00018247,1
bf_00017250,1
bf_00017199,1
bf_00019633,1
bf_00011255,1
bf_00010727,1
bf_00016997,1
bf_00004941,1
bf_00026012,1
bf_00005209,1
bf_00020697,1
bf_00010082,1
bf_00016322,1
bf_00009815,1
bf_00022026,1
bf_00021373,1
bf_00022530,1
bf_00016454,1
bf_00000039,1
bf_00010830,1
bf_00003274,1
bf_00023407,1
bf_00017215,1
bf_00008711,1
bf_00011330,1
bf_00024925,1
bf_00006605,1
bf_00013587,1
bf_00019315,1
bf_00024589,1
bf_00010866,1
bf_00011835,1
bf_00023460,1
bf_00020739,1
bf_00019065,1
bf_00008159,1
bf_00007400,1
bf_00014495,1
bf_00003161,1
bf_00019874,1
bf_00014133,1
bf_00018931,1
bf_00003434,1
bf_00015734,1
bf_00020734,1
bf_00005041,1
bf_00006022,1
bf_00015852,1
bf_00003165,1
bf_00023321,1
bf_00010024,1
bf_00005273,1
bf_00017993,1
bf_00010027,1
bf_00000645,1
bf_00020685,1
bf_00007506,1
bf_00015841,1
bf_00026533,1
bf_00015957,1
bf_00003065,1
bf_00004834,1
bf_00017982,1
bf_00017213,1
bf_00006610,1
bf_00012261,1
bf_00008882,1
bf_00011706,1
bf_00015127,1
bf_00011557,1
bf_00020145,1
bf_00022989,1
bf_00011661,1
bf_00005642,1
bf_00016680,1
bf_00010281,1
bf_00015810,1
bf_00017548,1
bf_00007643,1
bf_00019842,1
bf_00004497,1
bf_00009442,1
bf_00003941,1
bf_00008692,1
bf_00013666,1
bf_00001017,1
bf_00012577,1
bf_00020792,1
bf_00013341,1
bf_00024847,1
bf_00012088,1
bf_00012653,1
bf_00002678,1
bf_00011793,1
bf_00003271,1
bf_00024027,1
bf_00021752,1
bf_00000464,1
bf_00007432,1
bf_00017414,1
bf_00024010,1
bf_00024213,1
bf_00024208,1
bf_00010572,1
bf_00005976,1
bf_00003041,1
bf_00010247,1
bf_00011571,1
bf_00000670,1
bf_00001822,1
bf_00000268,1
bf_00000679,1
bf_00009987,1
bf_00014005,1
bf_00013110,1
bf_00004317,1
bf_00019736,1
bf_00005034,1
bf_00025846,1
bf_00012154,1
bf_00008499,1
bf_00007941,1
bf_00021803,1
bf_00009479,1
bf_00006802,1
bf_00023752,1
bf_00016849,1
bf_00007293,1
bf_00018377,1
bf_00025907,1
bf_00000545,1
bf_00011953,1
bf_00000551,1
bf_00000131,1
bf_00017315,1
bf_00018316,1
bf_00003965,1
bf_00007919,1
bf_00026467,1
bf_00008448,1
bf_00020631,1
bf_00018148,1
bf_00005128,1
bf_00024151,1
bf_00015086,1
bf_00023552,1
bf_00010742,1
bf_00022090,1
bf_00007159,1
bf_00015580,1
bf_00011925,1
bf_00003191,1
bf_00014003,1
bf_00012087,1
bf_00004248,1
bf_00021967,1
bf_00014180,1
bf_00017891,1
bf_00002886,1
bf_00017972,1
bf_00010891,1
bf_00008807,1
bf_00015413,1
bf_00020768,1
bf_00015987,1
bf_00013834,1
bf_00003720,1
bf_00009041,1
bf_00021824,1
bf_00002956,1
bf_00012806,1
bf_00016476,1
bf_00024746,1
bf_00021106,1
bf_00002517,1
bf_00002225,1
bf_00020746,1
bf_00023946,1
bf_00015664,1
bf_00015785,1
bf_00000896,1
bf_00002940,1
bf_00021410,1
bf_00000571,1
bf_00021661,1
bf_00006249,1
bf_00002992,1
bf_00015790,1
bf_00021185,1
bf_00011218,1
bf_00012618,1
bf_00005060,1
bf_00004937,1
bf_00024621,1
bf_00000557,1
bf_00020549,1
bf_00013485,1
bf_00014824,1
bf_00014601,1
bf_00009852,1
bf_00007668,1
bf_00001129,1
bf_00000997,1
bf_00013815,1
bf_00013557,1
bf_00001172,1
bf_00026410,1
bf_00005044,1
bf_00026360,1
bf_00009672,1
bf_00026337,1
bf_00021610,1
bf_00000534,1
bf_00001444,1
bf_00006668,1
bf_00007944,1
bf_00017477,1
bf_00008914,1
bf_00022091,1
bf_00007717,1
bf_00016124,1
bf_00026357,1
bf_00008730,1
bf_00022326,1
bf_00013291,1
bf_00002348,1
bf_00009903,1
bf_00015519,1
bf_00016497,1
bf_00013623,1
bf_00004984,1
bf_00013656,1
bf_00012581,1
bf_00018211,1
bf_00006437,1
bf_00025411,1
bf_00003068,1
bf_00023086,1
bf_00005742,1
bf_00002878,1
bf_00000240,1
bf_00004198,1
bf_00005119,1
bf_00008046,1
bf_00026259,1
bf_00005026,1
bf_00010028,1
bf_00009969,1
bf_00007624,1
bf_00005393,1
bf_00001665,1
bf_00020988,1
bf_00006154,1
bf_00013944,1
bf_00004504,1
bf_00000723,1
bf_00005251,1
bf_00023410,1
bf_00019827,1
bf_00002650,1
bf_00009565,1
bf_00012556,1
bf_00020626,1
bf_00000705,1
bf_00001983,1
bf_00006708,1
bf_00013391,1
bf_00011172,1
bf_00023674,1
bf_00014546,1
bf_00004873,1
bf_00005370,1
bf_00016626,1
bf_00018232,1
bf_00018686,1
bf_00017202,1
bf_00010292,1
bf_00026578,1
bf_00017482,1
bf_00006171,1
bf_00005088,1
bf_00026362,1
bf_00025983,1
bf_00025237,1
bf_00017113,1
bf_00005915,1
bf_00006713,1
bf_00024841,1
bf_00010009,1
bf_00024833,1
bf_00005744,1
bf_00007710,1
bf_00005195,1
bf_00004073,1
bf_00002219,1
bf_00001099,1
bf_00000154,1
bf_00026001,1
bf_00007032,1
bf_00016916,1
bf_00002636,1
bf_00008042,1
bf_00022178,1
bf_00016304,1
bf_00024623,1
bf_00024859,1
bf_00002911,1
bf_00014890,1
bf_00007851,1
bf_00001305,1
bf_00025714,1
bf_00023894,1
bf_00024907,1
bf_00004570,1
bf_00001250,1
bf_00009789,1
bf_00014882,1
bf_00003024,1
bf_00014638,1
bf_00005775,1
bf_00024252,1
bf_00012596,1
bf_00015073,1
bf_00006789,1
bf_00002015,1
bf_00025992,1
bf_00017954,1
bf_00021564,1
bf_00016841,1
bf_00005391,1
bf_00015845,1
bf_00009086,1
bf_00017660,1
bf_00000666,1
bf_00000738,1
bf_00012014,1
bf_00002640,1
bf_00009555,1
bf_00009812,1
bf_00022947,1
bf_00001794,1
bf_00022085,1
bf_00023342,1
bf_00018551,1
bf_00021071,1
bf_00001046,1
bf_00007134,1
bf_00006774,1
bf_00018062,1
bf_00005824,1
bf_00002923,1
bf_00013208,1
bf_00006243,1
bf_00016674,1
bf_00008453,1
bf_00023685,1
bf_00007213,1
bf_00001714,1
bf_00023826,1
bf_00015445,1
bf_00019422,1
bf_00025672,1
bf_00000256,1
bf_00008216,1
bf_00013246,1
bf_00019465,1
bf_00003499,1
bf_00010961,1
bf_00002013,1
bf_00004438,1
bf_00007250,1
bf_00009402,1
bf_00015649,1
bf_00022559,1
bf_00024770,1
bf_00023587,1
bf_00018587,1
bf_00003942,1
bf_00022716,1
bf_00011345,1
bf_00005587,1
bf_00016379,1
bf_00020329,1
bf_00016520,1
bf_00023759,1
bf_00025813,1
bf_00002750,1
bf_00010370,1
bf_00011662,1
bf_00007104,1
bf_00004148,1
bf_00025264,1
bf_00001788,1
bf_00011233,1
bf_00010219,1
bf_00002794,1
bf_00004704,1
bf_00012705,1
bf_00011430,1
bf_00003647,1
bf_00005354,1
bf_00009854,1
bf_00024846,1
bf_00012730,1
bf_00004567,1
bf_00008736,1
bf_00009532,1
bf_00000649,1
bf_00002634,1
bf_00013513,1
bf_00004190,1
bf_00004764,1
bf_00021963,1
bf_00008580,1
bf_00023064,1
bf_00009836,1
bf_00013763,1
bf_00014250,1
bf_00004810,1
bf_00008932,1
bf_00017031,1
bf_00015897,1
bf_00022038,1
bf_00012906,1
bf_00002806,1
bf_00003617,1
bf_00002427,1
bf_00014352,1
bf_00016013,1
bf_00005027,1
bf_00007917,1
bf_00002944,1
bf_00016039,1
bf_00000496,1
bf_00020954,1
bf_00016451,1
bf_00020351,1
bf_00015348,1
bf_00012219,1
bf_00011961,1
bf_00013015,1
bf_00010459,1
bf_00023060,1
bf_00022262,1
bf_00014354,1
bf_00001657,1
bf_00012414,1
bf_00007417,1
bf_00019468,1
bf_00008699,1
bf_00006281,1
bf_00017557,1
bf_00006646,1
bf_00002079,1
bf_00017239,1
bf_00005063,1
bf_00017514,1
bf_00015762,1
bf_00010517,1
bf_00008589,1
bf_00006302,1
bf_00025356,1
bf_00014040,1
bf_00001858,1
bf_00006752,1
bf_00008362,1
bf_00002252,1
bf_00011733,1
bf_00013885,1
bf_00022306,1
bf_00008306,1
bf_00013302,1
bf_00012610,1
bf_00013325,1
bf_00018266,1
bf_00018907,1
bf_00000010,1
bf_00003060,1
bf_00006052,1
bf_00001645,1
bf_00020632,1
bf_00013692,1
bf_00014134,1
bf_00019731,1
bf_00005800,1
bf_00004084,1
bf_00015039,1
bf_00026387,1
bf_00013493,1
bf_00008576,1
bf_00001804,1
bf_00006208,1
bf_00000474,1
bf_00014531,1
bf_00014955,1
bf_00005086,1
bf_00017017,1
bf_00010081,1
bf_00002637,1
bf_00022304,1
bf_00005289,1
bf_00021929,1
bf_00012460,1
bf_00024021,1
bf_00004097,1
bf_00015882,1
bf_00008591,1
bf_00013934,1
bf_00019114,1
bf_00016738,1
bf_00007662,1
bf_00020486,1
bf_00025141,1
bf_00016087,1
bf_00006847,1
bf_00022109,1
bf_00024967,1
bf_00003999,1
bf_00016844,1
bf_00020383,1
bf_00018248,1
bf_00021252,1
bf_00021424,1
bf_00026419,1
bf_00011847,1
bf_00016866,1
bf_00009869,1
bf_00011438,1
bf_00004597,1
bf_00021407,1
bf_00008160,1
bf_00018249,1
bf_00021079,1
bf_00009739,1
bf_00010346,1
bf_00000906,1
bf_00016530,1
bf_00008976,1
bf_00002439,1
bf_00026438,1
bf_00015661,1
bf_00024464,1
bf_00023008,1
bf_00008155,1
bf_00004999,1
bf_00024182,1
bf_00007587,1
bf_00021612,1
bf_00003789,1
bf_00015457,1
bf_00026302,1
bf_00023682,1
bf_00012449,1
bf_00000516,1
bf_00001760,1
bf_00023450,1
bf_00006222,1
bf_00024832,1
bf_00019914,1
bf_00022547,1
bf_00025414,1
bf_00001176,1
bf_00011917,1
bf_00017079,1
bf_00004692,1
bf_00013127,1
bf_00015476,1
bf_00001921,1
bf_00015676,1
bf_00004675,1
bf_00016523,1
bf_00014254,1
bf_00012884,1
bf_00023098,1
bf_00012348,1
bf_00024248,1
bf_00001108,1
bf_00024002,1
bf_00012759,1
bf_00022764,1
bf_00014126,1
bf_00025342,1
bf_00003328,1
bf_00003315,1
bf_00018259,1
bf_00010352,1
bf_00009142,1
bf_00005908,1
bf_00002930,1
bf_00006458,1
bf_00015703,1
bf_00018788,1
bf_00018804,1
bf_00020892,1
bf_00026565,1
bf_00019646,1
bf_00005307,1
bf_00022214,1
bf_00010026,1
bf_00023467,1
bf_00026569,1
bf_00016045,1
bf_00022899,1
bf_00015581,1
bf_00014093,1
bf_00007402,1
bf_00010094,1
bf_00006475,1
bf_00006876,1
bf_00015827,1
bf_00017420,1
bf_00022080,1
bf_00019590,1
bf_00003326,1
bf_00012538,1
bf_00012071,1
bf_00014242,1
bf_00014775,1
bf_00002638,1
bf_00003629,1
bf_00021694,1
bf_00016838,1
bf_00023340,1
bf_00000689,1
bf_00017252,1
bf_00020781,1
bf_00006827,1
bf_00010176,1
bf_00010911,1
bf_00016501,1
bf_00003679,1
bf_00024171,1
bf_00026345,1
bf_00020974,1
bf_00009627,1
bf_00020688,1
bf_00015588,1
bf_00012151,1
bf_00014414,1
bf_00022628,1
bf_00011121,1
bf_00009802,1
bf_00005618,1
bf_00022577,1
bf_00011353,1
bf_00006515,1
bf_00017028,1
bf_00004442,1
bf_00017085,1
bf_00008505,1
bf_00001098,1
bf_00022814,1
bf_00000263,1
bf_00017149,1
bf_00021823,1
bf_00019295,1
bf_00023445,1
bf_00014069,1
bf_00010714,1
bf_00002827,1
bf_00020544,1
bf_00008890,1
bf_00022353,1
bf_00016940,1
bf_00023849,1
bf_00008634,1
bf_00006767,1
bf_00006060,1
bf_00023953,1
bf_00009841,1
bf_00002847,1
bf_00021890,1
bf_00010324,1
bf_00018368,1
bf_00009761,1
bf_00023031,1
bf_00001526,1
bf_00015767,1
bf_00006057,1
bf_00017309,1
bf_00014001,1
bf_00002244,1
bf_00004831,1
bf_00021715,1
bf_00024974,1
bf_00024541,1
bf_00007480,1
bf_00011093,1
bf_00023212,1
bf_00003504,1
bf_00006223,1
bf_00015448,1
bf_00002720,1
bf_00003132,1
bf_00001284,1
bf_00018216,1
bf_00013833,1
bf_00012885,1
bf_00023515,1
bf_00009606,1
bf_00007019,1
bf_00012030,1
bf_00025268,1
bf_00024421,1
bf_00006773,1
bf_00009645,1
bf_00016346,1
bf_00024804,1
bf_00005450,1
bf_00018993,1
bf_00023279,1
bf_00001746,1
bf_00011881,1
bf_00017274,1
bf_00022601,1
bf_00015522,1
bf_00011448,1
bf_00017390,1
bf_00018991,1
bf_00010555,1
bf_00022846,1
bf_00003765,1
bf_00001517,1
bf_00014332,1
bf_00001329,1
bf_00004244,1
bf_00001806,1
bf_00019507,1
bf_00022166,1
bf_00018823,1
bf_00010334,1
bf_00000539,1
bf_00020042,1
bf_00021877,1
bf_00004847,1
bf_00024108,1
bf_00020025,1
bf_00004763,1
bf_00020188,1
bf_00024655,1
bf_00021883,1
bf_00004194,1
bf_00020642,1
bf_00009123,1
bf_00018438,1
bf_00011371,1
bf_00015905,1
bf_00005469,1
bf_00005643,1
bf_00015962,1
bf_00026153,1
bf_00019785,1
bf_00025266,1
bf_00001670,1
bf_00000951,1
bf_00018900,1
bf_00025052,1
bf_00000173,1
bf_00002017,1
bf_00018992,1
bf_00012595,1
bf_00005199,1
bf_00016540,1
bf_00007194,1
bf_00004784,1
bf_00007231,1
bf_00005013,1
bf_00006228,1
bf_00004256,1
bf_00021057,1
bf_00006014,1
bf_00023896,1
bf_00002575,1
bf_00000836,1
bf_00000570,1
bf_00019495,1
bf_00023970,1
bf_00016108,1
bf_00003246,1
bf_00026169,1
bf_00006699,1
bf_00017600,1
bf_00000957,1
bf_00012313,1
bf_00009287,1
bf_00017866,1
bf_00025183,1
bf_00008873,1
bf_00018819,1
bf_00001105,1
bf_00004986,1
bf_00011081,1
bf_00020965,1
bf_00000244,1
bf_00003430,1
bf_00005309,1
bf_00002254,1
bf_00015662,1
bf_00008345,1
bf_00009628,1
bf_00024596,1
bf_00016153,1
bf_00019702,1
bf_00002760,1
bf_00009624,1
bf_00012580,1
bf_00000254,1
bf_00001092,1
bf_00023684,1
bf_00011927,1
bf_00019569,1
bf_00014116,1
bf_00003485,1
bf_00001361,1
bf_00014031,1
bf_00023502,1
bf_00009607,1
bf_00002071,1
bf_00000172,1
bf_00024896,1
bf_00000900,1
bf_00021816,1
bf_00013447,1
bf_00007756,1
bf_00020719,1
bf_00026315,1
bf_00021372,1
bf_00007593,1
bf_00018989,1
bf_00004376,1
bf_00004043,1
bf_00017534,1
bf_00013967,1
bf_00008413,1
bf_00023370,1
bf_00004328,1
bf_00015714,1
bf_00018831,1
bf_00005244,1
bf_00010074,1
bf_00022062,1
bf_00018376,1
bf_00018923,1
bf_00003140,1
bf_00018967,1
bf_00000031,1
bf_00004686,1
bf_00020129,1
bf_00019380,1
bf_00004543,1
bf_00012141,1
bf_00022905,1
bf_00024180,1
bf_00002359,1
bf_00008764,1
bf_00010409,1
bf_00010154,1
bf_00014768,1
bf_00008090,1
bf_00021393,1
bf_00002378,1
bf_00023446,1
bf_00002890,1
bf_00011814,1
bf_00009864,1
bf_00017106,1
bf_00011620,1
bf_00022055,1
bf_00020240,1
bf_00000745,1
bf_00002550,1
bf_00023574,1
bf_00011759,1
bf_00019868,1
bf_00018156,1
bf_00003075,1
bf_00008065,1
bf_00015425,1
bf_00018329,1
bf_00001009,1
bf_00003170,1
bf_00005716,1
bf_00020497,1
bf_00003950,1
bf_00020720,1
bf_00020615,1
bf_00017227,1
bf_00002715,1
bf_00025234,1
bf_00026288,1
bf_00000220,1
bf_00023535,1
bf_00012586,1
bf_00009881,1
bf_00019294,1
bf_00012487,1
bf_00011182,1
bf_00026002,1
bf_00022986,1
bf_00012599,1
bf_00021211,1
bf_00014758,1
bf_00009263,1
bf_00002514,1
bf_00024491,1
bf_00026309,1
bf_00016036,1
bf_00000323,1
bf_00012591,1
bf_00026418,1
bf_00013634,1
bf_00003284,1
bf_00003261,1
bf_00024603,1
bf_00011971,1
bf_00022332,1
bf_00004781,1
bf_00008125,1
bf_00022361,1
bf_00018447,1
bf_00018675,1
bf_00003038,1
bf_00001453,1
bf_00016571,1
bf_00022037,1
bf_00000468,1
bf_00013334,1
bf_00024944,1
bf_00002018,1
bf_00001671,1
bf_00004614,1
bf_00025908,1
bf_00011432,1
bf_00007974,1
bf_00020256,1
bf_00000467,1
bf_00014433,1
bf_00011221,1
bf_00010064,1
bf_00018352,1
bf_00009907,1
bf_00002807,1
bf_00021571,1
bf_00018651,1
bf_00020633,1
bf_00004807,1
bf_00015663,1
bf_00003083,1
bf_00013054,1
bf_00016947,1
bf_00003138,1
bf_00006317,1
